Tabart,,,,,,,,,,,,,,,,,,,,,,,,,,,,,,,
Tadcastle,Tedcastell,Tedcastle,Taydcastyll,Taidcastyll,Taydcastyll,Todcastle,Tedcastile,Tedcastelle,Tedcastlle,Todcastell,Todcastle,Tedcastell,Todcastell,Tedcastelle,Tadcaster,Topcastle,,,,,,,,,,,,,,,
Tadd,Tade,,,,,,,,,,,,,,,,,,,,,,,,,,,,,,
Tailbone,,,,,,,,,,,,,,,,,,,,,,,,,,,,,,,
Talbot,Toowbatt,Tolbert,Talbatt,,,,,,,,,,,,,,,,,,,,,,,,,,,,
Tallboys,Taylbois,Tailboyes,Tailboys,Tailboyes,Tailbuss,Tailbus,Taileboyes,Taylbus,Taylbusse,Tailbois,Tayleboys,Taylerboyse,Taleboyse,Taibus,,,,,,,,,,,,,,,,,
Tallentire,Tallintyre,Tallintire,Tallentyre,Talentyre,Tallentyers,Talentyre,Talantyre,,,,,,,,,,,,,,,,,,,,,,,,
Tamsdall,,,,,,,,,,,,,,,,,,,,,,,,,,,,,,,
Tankard,Tanckard,,,,,,,,,,,,,,,,,,,,,,,,,,,,,,
Tarleton,Tarelton,Tarleyton,,,,,,,,,,,,,,,,,,,,,,,,,,,,,
Tarn,Tarne,,,,,,,,,,,,,,,,,,,,,,,,,,,,,,
Tart,Tarte,,,,,,,,,,,,,,,,,,,,,,,,,,,,,,
Tate,Tat,Tatt,Taytte,Taite,Tatte,Tayt,,,,,,,,,,,,,,,,,,,,,,,,,
Tattersall,Toddershall,Toddersaill,Tattesall,,,,,,,,,,,,,,,,,,,,,,,,,,,,
Tatton,Tatons,,,,,,,,,,,,,,,,,,,,,,,,,,,,,,
Tatum,Tatume,,,,,,,,,,,,,,,,,,,,,,,,,,,,,,
Taver,,,,,,,,,,,,,,,,,,,,,,,,,,,,,,,
Taylerson,Tailorson,Tailersonn,,,,,,,,,,,,,,,,,,,,,,,,,,,,,
Taylforth,Tailfear,Tailfoorth,Tailforth,Tailfer,Taylofer,Talfar,Taylfar,Taylfer,Taylfere,Taylfare,Taylfayre,Talforth,,,,,,,,,,,,,,,,,,,
Taylor,Tailer,Tailor,Tailler,Tayler,Taylier,Tayelor,Tayeler,Taylyer,Talour,Taylior,Talour,Taylyre,Tayleyr,Talor,Taler,Taylzare,Taylear,Tailiere,Tallore,Taller,Talar,Tailour,Tailyer,Taylere,Tailyer,Talior,Tailior,Taylior,Taillyer,Taillor,Talyer
Taytis,Tatis,,,,,,,,,,,,,,,,,,,,,,,,,,,,,,
Teal,Teell,Teale,Teile,,,,,,,,,,,,,,,,,,,,,,,,,,,,
Teasdale,Teasdayll,Teasdaill,Tesdell,Teasdal,Teasdell,Teasdall,Tesdell,Teesdale,Teesdell,Teysdell,Teesedayl,Tesdaylle,Tesdall,,,,,,,,,,,,,,,,,,
Telson,,,,,,,,,,,,,,,,,,,,,,,,,,,,,,,
Tempest,Tempeste,,,,,,,,,,,,,,,,,,,,,,,,,,,,,,
Temple,Tempell,,,,,,,,,,,,,,,,,,,,,,,,,,,,,,
Tennant,Tenend,Tennend,Tenned,Tennand,Tenand,Tenande,,,,,,,,,,,,,,,,,,,,,,,,,
Tenniswood,,,,,,,,,,,,,,,,,,,,,,,,,,,,,,,
Terrand,,,,,,,,,,,,,,,,,,,,,,,,,,,,,,,
Tewart,Tuerte,Teworth,Tewerd,Towart,Tewert,,,,,,,,,,,,,,,,,,,,,,,,,,
Tewer,Tuer,Tewre,,,,,,,,,,,,,,,,,,,,,,,,,,,,,
Thacker,Thaker,,,,,,,,,,,,,,,,,,,,,,,,,,,,,,
Thackwray,Thakwraye,Thackwraye,Thakwraye,,,,,,,,,,,,,,,,,,,,,,,,,,,,
Thame,,,,,,,,,,,,,,,,,,,,,,,,,,,,,,,
Theaker,,,,,,,,,,,,,,,,,,,,,,,,,,,,,,,
Thew,,,,,,,,,,,,,,,,,,,,,,,,,,,,,,,
Thirkell,Thirkeld,Thirnkeld,Therkell,Thirkelt,,,,,,,,,,,,,,,,,,,,,,,,,,,
Thirkpenny,,,,,,,,,,,,,,,,,,,,,,,,,,,,,,,
Thirlbeck,Thirlebecke,Thurlebeck,Thyrnebeck,,,,,,,,,,,,,,,,,,,,,,,,,,,,
Thistlethwaite,Thisblewhat,,,,,,,,,,,,,,,,,,,,,,,,,,,,,,
Thistlewood,Thrisselwood,Thrissellwood,,,,,,,,,,,,,,,,,,,,,,,,,,,,,
Thomas,,,,,,,,,,,,,,,,,,,,,,,,,,,,,,,
Thompson,Thomsonn,Thomson,Thomsonne,Tompson,Tompsone,Tomson,Tompeson,Thompsone,Thomsson,Thomesson,Thompsonne,Tompsonne,Tholmsonne,Tomsone,Tomsonn,Thompsonn,Tompsonn,Thomsone,,,,,,,,,,,,,
Thorby,,,,,,,,,,,,,,,,,,,,,,,,,,,,,,,
Thornbury,Thornburie,,,,,,,,,,,,,,,,,,,,,,,,,,,,,,
Thorne,,,,,,,,,,,,,,,,,,,,,,,,,,,,,,,
Thornhill,Thornell,,,,,,,,,,,,,,,,,,,,,,,,,,,,,,
Thornton,Thorneton,,,,,,,,,,,,,,,,,,,,,,,,,,,,,,
Thorp,Thorpe,Thorppe,Thorpp,Thrope,Thropp,,,,,,,,,,,,,,,,,,,,,,,,,,
Thoryer,Thorlyer,,,,,,,,,,,,,,,,,,,,,,,,,,,,,,
Thrall,Threwel,,,,,,,,,,,,,,,,,,,,,,,,,,,,,,
Thrinkelt,,,,,,,,,,,,,,,,,,,,,,,,,,,,,,,
Throckley,Throcklie,,,,,,,,,,,,,,,,,,,,,,,,,,,,,,
Thurnell,Thurnel,,,,,,,,,,,,,,,,,,,,,,,,,,,,,,
Thursby,Thursbey,Thursbe,Thursbee,Thursbye,,,,,,,,,,,,,,,,,,,,,,,,,,,
Thwaite,Thwate,,,,,,,,,,,,,,,,,,,,,,,,,,,,,,
Tidding,Tydding,,,,,,,,,,,,,,,,,,,,,,,,,,,,,,
Tidiman,Tydiman,Tydemann,Tydyman,Tydymanne,,,,,,,,,,,,,,,,,,,,,,,,,,,
Tilburn,Tilborne,Tilburne,,,,,,,,,,,,,,,,,,,,,,,,,,,,,
Tilley,Tyllie,Tylly,,,,,,,,,,,,,,,,,,,,,,,,,,,,,
Tilson,Tylson,,,,,,,,,,,,,,,,,,,,,,,,,,,,,,
Timothy,Timothey,Tomothie,Timoth,,,,,,,,,,,,,,,,,,,,,,,,,,,,
Tindall,Tindaill,Tinsdaill,Tindell,Tyndall,Tondell,Tendell,Tyndell,Tyndell,Tyndayll,Tyndale,Tindale,,,,,,,,,,,,,,,,,,,,
Tinker,Tyncker,,,,,,,,,,,,,,,,,,,,,,,,,,,,,,
Tinkler,Tinckler,,,,,,,,,,,,,,,,,,,,,,,,,,,,,,
Tinlin,Tinlen,Tynlyne,,,,,,,,,,,,,,,,,,,,,,,,,,,,,
Tinmouth,Tynemoth,Tynnemoth,Tynemouth,Tynmuth,Tynmuthe,,,,,,,,,,,,,,,,,,,,,,,,,,
Tinsell,,,,,,,,,,,,,,,,,,,,,,,,,,,,,,,
Tiplady,Typlady,Tipladye,,,,,,,,,,,,,,,,,,,,,,,,,,,,,
Tobias,Topies,Topias,,,,,,,,,,,,,,,,,,,,,,,,,,,,,
Tobiasson,Tobison,,,,,,,,,,,,,,,,,,,,,,,,,,,,,,
Tobissor,Tobecer,,,,,,,,,,,,,,,,,,,,,,,,,,,,,,
Toby,Tobie,,,,,,,,,,,,,,,,,,,,,,,,,,,,,,
Todd,Todde,Toddersaill,Tood,Tode,Tod,Toode,,,,,,,,,,,,,,,,,,,,,,,,,
Todrick,Toderyk,Toderreck,,,,,,,,,,,,,,,,,,,,,,,,,,,,,
Toft,Tofte,,,,,,,,,,,,,,,,,,,,,,,,,,,,,,
Toket,,,,,,,,,,,,,,,,,,,,,,,,,,,,,,,
Toll,Tolle,,,,,,,,,,,,,,,,,,,,,,,,,,,,,,
Tollert,Tollarte,,,,,,,,,,,,,,,,,,,,,,,,,,,,,,
Tollerton,,,,,,,,,,,,,,,,,,,,,,,,,,,,,,,
Tomkinson,Thomkinsonne,Thomkingsonne,Thomkinson,Thomkinson,,,,,,,,,,,,,,,,,,,,,,,,,,,
Tomlinson,Thomlinsonn,Tomlingsonn,Tomlingson,Thomlyngson,Tumlynson,Thomlinsonne,Thomlinson,Thomlingeson,Thomlingson,Thomlynson,Thomlingsonn,,,,,,,,,,,,,,,,,,,,
Tong,Tonge,Tongue,,,,,,,,,,,,,,,,,,,,,,,,,,,,,
Topliff,,,,,,,,,,,,,,,,,,,,,,,,,,,,,,,
Toppin,Toppon,Toppine,,,,,,,,,,,,,,,,,,,,,,,,,,,,,
Torrington,Turrington,,,,,,,,,,,,,,,,,,,,,,,,,,,,,,
Tory,Torye,,,,,,,,,,,,,,,,,,,,,,,,,,,,,,
Totty,Tothie,,,,,,,,,,,,,,,,,,,,,,,,,,,,,,
Tousons,,,,,,,,,,,,,,,,,,,,,,,,,,,,,,,
Toward,,,,,,,,,,,,,,,,,,,,,,,,,,,,,,,
Towers,Towrs,Toures,Towens,Towre,,,,,,,,,,,,,,,,,,,,,,,,,,,
Towland,Towlaite,,,,,,,,,,,,,,,,,,,,,,,,,,,,,,
Towler,Toller,,,,,,,,,,,,,,,,,,,,,,,,,,,,,,
Towman,,,,,,,,,,,,,,,,,,,,,,,,,,,,,,,
Townhill,Townell,,,,,,,,,,,,,,,,,,,,,,,,,,,,,,
Towns,Tones,Tons,Townes,,,,,,,,,,,,,,,,,,,,,,,,,,,,
Townsend,Townend,Townende,,,,,,,,,,,,,,,,,,,,,,,,,,,,,
Treny,,,,,,,,,,,,,,,,,,,,,,,,,,,,,,,
Trewhit,Trewhett,Trowghet,Trowghth,Trowghett,Trowgthett,Trewghit,Trughit,Trewhet,Trewghet,Trewghett,Trowhitt,Truett,Trowhett,,,,,,,,,,,,,,,,,,
Tricks,Trixx,,,,,,,,,,,,,,,,,,,,,,,,,,,,,,
Tripp,,,,,,,,,,,,,,,,,,,,,,,,,,,,,,,
Trippes,,,,,,,,,,,,,,,,,,,,,,,,,,,,,,,
Trister,,,,,,,,,,,,,,,,,,,,,,,,,,,,,,,
Tristram,Tristam,,,,,,,,,,,,,,,,,,,,,,,,,,,,,,
Trollope,Trowlope,Trowlop,Trolope,Trowlopp,Trowloppe,Trowlop,Trolop,Troulopp,Troloop,Trowlope,Trowlop,Trowliff,,,,,,,,,,,,,,,,,,,
Trotter,Troter,Trotters,,,,,,,,,,,,,,,,,,,,,,,,,,,,,
Troutbeck,Trowtebecke,,,,,,,,,,,,,,,,,,,,,,,,,,,,,,
Troy,,,,,,,,,,,,,,,,,,,,,,,,,,,,,,,
Trundle,Trundall,,,,,,,,,,,,,,,,,,,,,,,,,,,,,,
Tuck,Tucke,,,,,,,,,,,,,,,,,,,,,,,,,,,,,,
Tucker,,,,,,,,,,,,,,,,,,,,,,,,,,,,,,,
Tuggell,Tuggill,Tuggilt,,,,,,,,,,,,,,,,,,,,,,,,,,,,,
Tunstall,Tunsdaill,Tunstal,Tunsdale,Tounstall,Toonstall,Tunstell,,,,,,,,,,,,,,,,,,,,,,,,,
Turbin,Turbing,,,,,,,,,,,,,,,,,,,,,,,,,,,,,,
Turbott,Turbat,Turbatt,Turbatte,Turbet,Turbett,Turbut,,,,,,,,,,,,,,,,,,,,,,,,,
Turnbull,Trumble,Turmebull,Tromble,Trumbel,Trumbell,Trumell,Tromell,Trummell,Trumbill,,,,,,,,,,,,,,,,,,,,,,
Turner,Tourner,Turnar,Turnnar,Turnner,,,,,,,,,,,,,,,,,,,,,,,,,,,
Turpin,Turpinge,Turpyn,Turpine,Turping,Turpyng,Turpyne,,,,,,,,,,,,,,,,,,,,,,,,,
Turret,,,,,,,,,,,,,,,,,,,,,,,,,,,,,,,
Turrey,Turry,Turrye,,,,,,,,,,,,,,,,,,,,,,,,,,,,,
Tuting,Tutyn,Tutine,Tutty,Tutyne,Tuttin,Tuton,Tuteing,Tutyng,Totyng,Tuten,,,,,,,,,,,,,,,,,,,,,
Twaddle,Twadell,,,,,,,,,,,,,,,,,,,,,,,,,,,,,,
Tweddle,Twedell,Twedall,Twiddle,Twedaile,Twedell,Twidell,Tweddell,Twidall,Tweedall,Tweddall,Tweddel,,,,,,,,,,,,,,,,,,,,
Tweedy,Tweddie,,,,,,,,,,,,,,,,,,,,,,,,,,,,,,
Twizell,Twislee,Twisell,Twisleye,Twyssell,,,,,,,,,,,,,,,,,,,,,,,,,,,
Tyerman,Tyrtman,,,,,,,,,,,,,,,,,,,,,,,,,,,,,,
Tyers,Tyars,,,,,,,,,,,,,,,,,,,,,,,,,,,,,,
Tyler,,,,,,,,,,,,,,,,,,,,,,,,,,,,,,,
Tyrie,Tyrrye,Tyrry,,,,,,,,,,,,,,,,,,,,,,,,,,,,,
Strangeways,Tranwish,,,,,,,,,,,,,,,,,,,,,,,,,,,,,,
