Sadler,Saddler,Sadlar,Sadeller,Sadller,,,,,,,,,,,,,,,,,,,,,,,,,,,,
Safell,,,,,,,,,,,,,,,,,,,,,,,,,,,,,,,,
Saiter,Saitr,,,,,,,,,,,,,,,,,,,,,,,,,,,,,,,
Salisbury,Salsburye,Salsbury,Salesburye,Sayllsburye,Saylsburye,Salsburye,,,,,,,,,,,,,,,,,,,,,,,,,,
Salkeld,Salkkell,,,,,,,,,,,,,,,,,,,,,,,,,,,,,,,
Sallet,Salet,,,,,,,,,,,,,,,,,,,,,,,,,,,,,,,
Salmon,Samont,Salmaine,,,,,,,,,,,,,,,,,,,,,,,,,,,,,,
Salvin,Salwen,Salven,Salvyng,Salvyn,Salvinge,Salvine,,,,,,,,,,,,,,,,,,,,,,,,,,
Sampson,Samsonn,Samson,Sampsonn,,,,,,,,,,,,,,,,,,,,,,,,,,,,,
Sander,Sanders,Sannder,Saunder,Saunders,Sande,Saundes,Sannders,,,,,,,,,,,,,,,,,,,,,,,,,
Sanderson,Sannderson,Sandersonne,Saunderson,,,,,,,,,,,,,,,,,,,,,,,,,,,,,
Sandiland,,,,,,,,,,,,,,,,,,,,,,,,,,,,,,,,
Sandwick,Sandick,Sanwicke,,,,,,,,,,,,,,,,,,,,,,,,,,,,,,
Sandy,Sandye,,,,,,,,,,,,,,,,,,,,,,,,,,,,,,,
Sankey,Sonckie,Sanckie,Sonckye,Sanckey,Sancke,Sanckey,,,,,,,,,,,,,,,,,,,,,,,,,,
Sanson,Sannson,,,,,,,,,,,,,,,,,,,,,,,,,,,,,,,
Santon,Sante,,,,,,,,,,,,,,,,,,,,,,,,,,,,,,,
Sargeson,Sergisson,Sergyson,Sergeson,Sayrgeson,Sergeson,Sergyson,Surgeson,,,,,,,,,,,,,,,,,,,,,,,,,
Sarson,Seyrson,Sarsen,,,,,,,,,,,,,,,,,,,,,,,,,,,,,,
Saul,Saule,,,,,,,,,,,,,,,,,,,,,,,,,,,,,,,
Savage,Savige,Savadg,,,,,,,,,,,,,,,,,,,,,,,,,,,,,,
Sawer,Sawher,Sawe,,,,,,,,,,,,,,,,,,,,,,,,,,,,,,
Sawney,Sawny,,,,,,,,,,,,,,,,,,,,,,,,,,,,,,,
Saworth,Sawworth,,,,,,,,,,,,,,,,,,,,,,,,,,,,,,,
Sawter,,,,,,,,,,,,,,,,,,,,,,,,,,,,,,,,
Sayer,Saire,Saier,Sayre,Saer,,,,,,,,,,,,,,,,,,,,,,,,,,,,
Sayles,,,,,,,,,,,,,,,,,,,,,,,,,,,,,,,,
Scales,Scayles,,,,,,,,,,,,,,,,,,,,,,,,,,,,,,,
Scarlett,,,,,,,,,,,,,,,,,,,,,,,,,,,,,,,,
Scarr,Scawe,Scarre,,,,,,,,,,,,,,,,,,,,,,,,,,,,,,
Scathelock,Skaithlocke,Scaithlocke,Skaythloke,Skathlock,Scathlock,Scathlocke,Scathelocke,,,,,,,,,,,,,,,,,,,,,,,,,
Scholes,Skolls,Skellosse,,,,,,,,,,,,,,,,,,,,,,,,,,,,,,
Scrimshaw,Skrimshowe,,,,,,,,,,,,,,,,,,,,,,,,,,,,,,,
Scobell,,,,,,,,,,,,,,,,,,,,,,,,,,,,,,,,
Scoggins,Scoggin,,,,,,,,,,,,,,,,,,,,,,,,,,,,,,,
Scott,Scot,Skott,Skot,Skote,Skott,Scotte,Scoot,Scote,Scott,,,,,,,,,,,,,,,,,,,,,,,
Scotton,Skotten,Scotten,,,,,,,,,,,,,,,,,,,,,,,,,,,,,,
Scroggs,Skrogs,,,,,,,,,,,,,,,,,,,,,,,,,,,,,,,
Scrope,Scroop,,,,,,,,,,,,,,,,,,,,,,,,,,,,,,,
Scuffer,Skuffer,,,,,,,,,,,,,,,,,,,,,,,,,,,,,,,
Scurfield,Skurefeild,Scurfeild,Skyrfide,Scurfide,Scurfeilde,Scurfilde,Schurfeild,Scurtfield,Skirfeild,Skirfield,Scurffeild,Skorthfeld,Skorfield,Skorshfeld,Schorfeyld,Skorthfeyld,Schorthfeyld,Skurthfyld,Skurthfylde,Skurthfyld,Skurthfylde,Scurfeld,Skurfeld,Skorfeld,Schurfiealde,Scurfielde,Scurfealde,Scurfeild,Skeyfell,Skirfeld,Skurfeild,Scirfeild
Scurlock,Scairelocke,,,,,,,,,,,,,,,,,,,,,,,,,,,,,,,
Scurwood,Skeerwode,,,,,,,,,,,,,,,,,,,,,,,,,,,,,,,
Seagood,Saygood,,,,,,,,,,,,,,,,,,,,,,,,,,,,,,,
Seaham,Seame,Seam,Seham,Seaam,,,,,,,,,,,,,,,,,,,,,,,,,,,,
Seal,Seale,,,,,,,,,,,,,,,,,,,,,,,,,,,,,,,
Seamer,Seamor,Semer,,,,,,,,,,,,,,,,,,,,,,,,,,,,,,
Seaney,Seanays,,,,,,,,,,,,,,,,,,,,,,,,,,,,,,,
Searle,Seirll,Seirle,,,,,,,,,,,,,,,,,,,,,,,,,,,,,,
Seddon,Sydon,Seddance,Seddans,,,,,,,,,,,,,,,,,,,,,,,,,,,,,
Sedgewick,Sigswicke,Sigwicke,Seigswike,Sigswick,Segswick,Sigswicke,Sigesweek,Sigisewik,Sekswylk,Sigesweek,Sedgwicke,Sidgwicke,Sidgewick,Sigwick,Segwick,Sigwicke,Sigsworth,Sigeswick,Siggesworth,Sigewick,Siggeswick,Sigswicke,Sigiswicke,Sydgewyth,Segsworth,Sigswrthe,Sigswth,Sigswith,,,,
Selby,Selbie,Selbye,Sewelbie,Stelbye,Selbee,Sellby,Sellbye,Sellbie,Selbey,Selbe,,,,,,,,,,,,,,,,,,,,,,
Semper,,,,,,,,,,,,,,,,,,,,,,,,,,,,,,,,
Sergeant,Sargian,,,,,,,,,,,,,,,,,,,,,,,,,,,,,,,
Seveston,Soveston,,,,,,,,,,,,,,,,,,,,,,,,,,,,,,,
Sewell,Sawell,Suell,Sewyhell,,,,,,,,,,,,,,,,,,,,,,,,,,,,,
Sewer,,,,,,,,,,,,,,,,,,,,,,,,,,,,,,,,
Seymour,Semour,,,,,,,,,,,,,,,,,,,,,,,,,,,,,,,
Shackles,Shakele,Shaklose,,,,,,,,,,,,,,,,,,,,,,,,,,,,,,
Shacklock,Shaycklocke,Shacklocke,Shakelocke,,,,,,,,,,,,,,,,,,,,,,,,,,,,,
Shadforth,Shaudforth,Shotforth,Shotforthe,Shotforth,Shawdforth,Shawdeforth,Shadford,Shadaforth,Shaddforth,Shaldfurth,Shawdefourth,Shawdfourth,Shaltforthe,Shaudfurth,,,,,,,,,,,,,,,,,,
Shaffler,Shafles,Shafflee,,,,,,,,,,,,,,,,,,,,,,,,,,,,,,
Shafto,Shaftowe,Shafton,Shaftow,Shaftay,Shaftoe,Shafter,,,,,,,,,,,,,,,,,,,,,,,,,,
Shanks,Shankes,,,,,,,,,,,,,,,,,,,,,,,,,,,,,,,
Shard,Sharde,,,,,,,,,,,,,,,,,,,,,,,,,,,,,,,
Sharland,,,,,,,,,,,,,,,,,,,,,,,,,,,,,,,,
Sharly,Sharlye,,,,,,,,,,,,,,,,,,,,,,,,,,,,,,,
Sharp,Sharpe,Sherp,Sharpp,Sharppe,,,,,,,,,,,,,,,,,,,,,,,,,,,,
Sharper,Sharpper,Sharperey,Sharpley,,,,,,,,,,,,,,,,,,,,,,,,,,,,,
Sharpington,Sharpintyne,,,,,,,,,,,,,,,,,,,,,,,,,,,,,,,
Shatterton,,,,,,,,,,,,,,,,,,,,,,,,,,,,,,,,
Shaw,Shawe,Shawes,,,,,,,,,,,,,,,,,,,,,,,,,,,,,,
Shawter,Shalter,Shater,Shayter,,,,,,,,,,,,,,,,,,,,,,,,,,,,,
Sheard,Shearde,,,,,,,,,,,,,,,,,,,,,,,,,,,,,,,
Sheffield,Shurtfeild,Shaifeild,Sherfeild,Sheffild,Shaykefyld,Shayfylde,Shefeild,Sheaffell,Sheffell,Sharfeild,,,,,,,,,,,,,,,,,,,,,,
Shelf,Shelfe,,,,,,,,,,,,,,,,,,,,,,,,,,,,,,,
Shell,Shelle,,,,,,,,,,,,,,,,,,,,,,,,,,,,,,,
Shelley,Sheley,,,,,,,,,,,,,,,,,,,,,,,,,,,,,,,
Shelvington,Shelventon,,,,,,,,,,,,,,,,,,,,,,,,,,,,,,,
Shepherd,Shipheard,Sheperd,Shipperd,Sheper,Sheepheard,Sheaperd,Sheapard,Sheapheard,Shepeheard,Shepheard,Shipperde,Shipharde,Shipphard,Sheaphard,Sheappard,Sheaphurd,Sheapherd,Shipherde,Shipherd,Shepperd,Sheppard,Shepherde,Shippard,Shepert,,,,,,,,
Shepherdson,Shepperdson,Shiperdson,Sheperdson,Sheperson,Shepeson,Shepertson,Shipson,Sheperdsonne,Shippson,Shepherdsonne,,,,,,,,,,,,,,,,,,,,,,
Sheraton,Shereton,Sheriton,Scharroton,Sherriton,Shearaton,Shiryton,,,,,,,,,,,,,,,,,,,,,,,,,,
Sherington,Sherinton,Sherynton,Sheryngton,,,,,,,,,,,,,,,,,,,,,,,,,,,,,
Sherles,,,,,,,,,,,,,,,,,,,,,,,,,,,,,,,,
Sherwin,Sherewin,,,,,,,,,,,,,,,,,,,,,,,,,,,,,,,
Sherwood,Shearwood,Sherewod,Sherewood,Sherewoodd,Sherwoodd,Sherwoode,Sherewoth,Sherwode,Sheerwood,,,,,,,,,,,,,,,,,,,,,,,
Shevill,Shevell,Shewell,Shevyll,Shewell,,,,,,,,,,,,,,,,,,,,,,,,,,,,
Shield,Shelde,Sheeld,Sheildes,Sheeldes,Sheell,Sheales,Sheals,Sheale,Shill,Sheild,Sheylle,Sheall,Sheylles,Sheel,Sheils,Sheal,Sheile,Shiel,Sheeles,,,,,,,,,,,,,
Shilton,,,,,,,,,,,,,,,,,,,,,,,,,,,,,,,,
Shinkley,Shinklye,,,,,,,,,,,,,,,,,,,,,,,,,,,,,,,
Shipley,Sheplay,Shiplay,Shipleye,Shiplye,Shepley,Shiplaye,Sheapleye,,,,,,,,,,,,,,,,,,,,,,,,,
Shipside,Shipsid,Shipsidde,,,,,,,,,,,,,,,,,,,,,,,,,,,,,,
Shoesmith,Shosmith,,,,,,,,,,,,,,,,,,,,,,,,,,,,,,,
Short,Shorte,Shortt,,,,,,,,,,,,,,,,,,,,,,,,,,,,,,
Shortleg,Shortlegg,,,,,,,,,,,,,,,,,,,,,,,,,,,,,,,
Shortreed,Shotred,,,,,,,,,,,,,,,,,,,,,,,,,,,,,,,
Shortridge,Shortrige,Shortregg,Shortrig,,,,,,,,,,,,,,,,,,,,,,,,,,,,,
Shotton,Shottonn,,,,,,,,,,,,,,,,,,,,,,,,,,,,,,,
Shotwell,Shutwell,,,,,,,,,,,,,,,,,,,,,,,,,,,,,,,
Shright,Shryte,,,,,,,,,,,,,,,,,,,,,,,,,,,,,,,
Shulmer,Shoolmyre,,,,,,,,,,,,,,,,,,,,,,,,,,,,,,,
Shunter,,,,,,,,,,,,,,,,,,,,,,,,,,,,,,,,
Shyperson,,,,,,,,,,,,,,,,,,,,,,,,,,,,,,,,
Sickerwham,Seckerahame,Sickernham,Sickarrham,Siccarnham,Sicarwham,Sicaraham,,,,,,,,,,,,,,,,,,,,,,,,,,
Sickle,,,,,,,,,,,,,,,,,,,,,,,,,,,,,,,,
Sidebottom,Sydbottom,,,,,,,,,,,,,,,,,,,,,,,,,,,,,,,
Sidney,Sidnay,,,,,,,,,,,,,,,,,,,,,,,,,,,,,,,
Signey,Signe,,,,,,,,,,,,,,,,,,,,,,,,,,,,,,,
Sillyburn,Sillibarne,Silabarne,Silyburne,Sillyburne,,,,,,,,,,,,,,,,,,,,,,,,,,,,
Silvertop,Silvertope,Sylvertope,Silvertopp,Silvertoppe,,,,,,,,,,,,,,,,,,,,,,,,,,,,
Sim,Syme,Sym,Sime,Syms,Symme,,,,,,,,,,,,,,,,,,,,,,,,,,,
Simond,Symond,Symmond,Symonde,,,,,,,,,,,,,,,,,,,,,,,,,,,,,
Simpson,Sympsonn,Symsonn,Symson,Simpsonn,Sympsonn,Simsonn,Sympson,Simson,Symson,Symson,Simpsonne,Sympsonne,Simsonne,Sympsone,Smipson,Symeson,Symsone,Simpsone,,,,,,,,,,,,,,
Sinclair,Synkler,,,,,,,,,,,,,,,,,,,,,,,,,,,,,,,
Sinder,Sindere,,,,,,,,,,,,,,,,,,,,,,,,,,,,,,,
Singe,,,,,,,,,,,,,,,,,,,,,,,,,,,,,,,,
Singleton,Singeltonn,,,,,,,,,,,,,,,,,,,,,,,,,,,,,,,
Sipple,Syple,,,,,,,,,,,,,,,,,,,,,,,,,,,,,,,
Sisson,Sysson,Syssons,,,,,,,,,,,,,,,,,,,,,,,,,,,,,,
Sisterson,Sistersone,,,,,,,,,,,,,,,,,,,,,,,,,,,,,,,
Sittfeld,,,,,,,,,,,,,,,,,,,,,,,,,,,,,,,,
Skeines,Skuines,,,,,,,,,,,,,,,,,,,,,,,,,,,,,,,
Skelton,Skeltonn,Scelton,,,,,,,,,,,,,,,,,,,,,,,,,,,,,,
Skepper,,,,,,,,,,,,,,,,,,,,,,,,,,,,,,,,
Skerne,Skirron,,,,,,,,,,,,,,,,,,,,,,,,,,,,,,,
Skipton,Skepton,,,,,,,,,,,,,,,,,,,,,,,,,,,,,,,
Skirrow,Skorrowe,Skirroo,Skirro,Skorro,Skirrowe,Skurrow,,,,,,,,,,,,,,,,,,,,,,,,,,
Slack,Slacke,,,,,,,,,,,,,,,,,,,,,,,,,,,,,,,
Slater,Slaiter,Slaitor,Slayter,Sclater,Slaytter,Slaitter,,,,,,,,,,,,,,,,,,,,,,,,,,
Sleigh,Slyghe,Slighe,Sligh,,,,,,,,,,,,,,,,,,,,,,,,,,,,,
Sletten,,,,,,,,,,,,,,,,,,,,,,,,,,,,,,,,
Slight,Sligt,,,,,,,,,,,,,,,,,,,,,,,,,,,,,,,
Slinger,,,,,,,,,,,,,,,,,,,,,,,,,,,,,,,,
Slouch,,,,,,,,,,,,,,,,,,,,,,,,,,,,,,,,
Smales,Smeales,Smailes,Smayles,,,,,,,,,,,,,,,,,,,,,,,,,,,,,
Small,,,,,,,,,,,,,,,,,,,,,,,,,,,,,,,,
Smallshanks,Smaleshankes,Smallshankes,Smalshankes,,,,,,,,,,,,,,,,,,,,,,,,,,,,,
Smart,Smarte,,,,,,,,,,,,,,,,,,,,,,,,,,,,,,,
Smedley,Smidley,,,,,,,,,,,,,,,,,,,,,,,,,,,,,,,
Smeeth,Smeth,Smeith,,,,,,,,,,,,,,,,,,,,,,,,,,,,,,
Smeforth,,,,,,,,,,,,,,,,,,,,,,,,,,,,,,,,
Smert,,,,,,,,,,,,,,,,,,,,,,,,,,,,,,,,
Smethers,Smeddars,Smaders,,,,,,,,,,,,,,,,,,,,,,,,,,,,,,
Smeton,Smyten,,,,,,,,,,,,,,,,,,,,,,,,,,,,,,,
Smirk,Smirke,Smyrke,Smirrk,Smyrcke,Smyrck,Smurke,,,,,,,,,,,,,,,,,,,,,,,,,,
Smith,Smyth,Smythe,Smithe,,,,,,,,,,,,,,,,,,,,,,,,,,,,,
Smithson,Smythson,Smetheson,Smytheson,Smitheson,Smythsonne,,,,,,,,,,,,,,,,,,,,,,,,,,,
Smithwood,Smurthwood,Smarthwood,Smartwood,,,,,,,,,,,,,,,,,,,,,,,,,,,,,
Smurfield,Smartfield,Smurfelde,Smurfelde,Smirfeilde,Smourthfeild,,,,,,,,,,,,,,,,,,,,,,,,,,,
Smurthwaite,Smurfoot,Smurthfoot,Smorfeld,Smorfelde,Smorfoot,Smorthfoot,Smorfote,Smartwhat,Smorffott,Smorfot,Smurthsett,Smuthwett,Smirthwhait,Smirthwait,Smirsett,Smirthwhat,Smurthwait,Smirthsett,Smyrthwhaite,Smurfot,Smurthwate,,,,,,,,,,,
Snaith,Sneath,Snath,Snathe,,,,,,,,,,,,,,,,,,,,,,,,,,,,,
Snell,Snill,,,,,,,,,,,,,,,,,,,,,,,,,,,,,,,
Snow,Snowe,Snawe,,,,,,,,,,,,,,,,,,,,,,,,,,,,,,
Snowball,Snawball,Snawbaull,,,,,,,,,,,,,,,,,,,,,,,,,,,,,,
Snowden,Snawdon,Snaudon,Snawdell,Snawden,Snowdown,Snaden,Snadon,Snowdon,,,,,,,,,,,,,,,,,,,,,,,,
Sober,,,,,,,,,,,,,,,,,,,,,,,,,,,,,,,,
Sockburn,Sockborn,Sockbourne,Sockborne,Sockbourne,Sockeboorne,,,,,,,,,,,,,,,,,,,,,,,,,,,
Socket,Sokett,Sockett,,,,,,,,,,,,,,,,,,,,,,,,,,,,,,
Softley,Softlye,Softlay,Sofley,Soflye,Softelye,Softeleye,,,,,,,,,,,,,,,,,,,,,,,,,,
Solan,Solane,Sollene,,,,,,,,,,,,,,,,,,,,,,,,,,,,,,
Soller,Soler,,,,,,,,,,,,,,,,,,,,,,,,,,,,,,,
Sollett,Solett,Sollet,Solat,Solet,Sollat,,,,,,,,,,,,,,,,,,,,,,,,,,,
Somby,Sombye,,,,,,,,,,,,,,,,,,,,,,,,,,,,,,,
Son,Sone,,,,,,,,,,,,,,,,,,,,,,,,,,,,,,,
Sonyers,,,,,,,,,,,,,,,,,,,,,,,,,,,,,,,,
Sopp,,,,,,,,,,,,,,,,,,,,,,,,,,,,,,,,
Soppit,Suppet,Soppat,Soppot,Soppett,Soppet,,,,,,,,,,,,,,,,,,,,,,,,,,,
Sorrell,Sorett,,,,,,,,,,,,,,,,,,,,,,,,,,,,,,,
Sorrie,Souray,,,,,,,,,,,,,,,,,,,,,,,,,,,,,,,
Sorwood,Sorwod,,,,,,,,,,,,,,,,,,,,,,,,,,,,,,,
Soul,Sowll,Soule,Soulle,Sowle,,,,,,,,,,,,,,,,,,,,,,,,,,,,
Soulby,Soulbie,Solbone,Sowlby,Souleby,Solbye,Solby,Solbe,Soulbye,Sulbye,,,,,,,,,,,,,,,,,,,,,,,
Souter,Soute,,,,,,,,,,,,,,,,,,,,,,,,,,,,,,,
Southern,Sutheran,Sutherin,Sotherine,Sotheran,Sotheren,Sotheron,Sowthern,Souththern,Suddern,Sotherne,Southerne,Sudderone,Soderone,Sodderin,Sotherin,Sotherenn,Sutheron,Sotheronn,Sootherne,Southeron,Sotheraine,,,,,,,,,,,
Southwick,Southwicke,,,,,,,,,,,,,,,,,,,,,,,,,,,,,,,
Sowerby,Sowerbye,Sowerbie,,,,,,,,,,,,,,,,,,,,,,,,,,,,,,
Spain,Spaine,Spayne,,,,,,,,,,,,,,,,,,,,,,,,,,,,,,
Spalding,Spaldin,Spaldon,,,,,,,,,,,,,,,,,,,,,,,,,,,,,,
Spark,Sparke,Sparck,,,,,,,,,,,,,,,,,,,,,,,,,,,,,,
Sparling,Sparlinge,,,,,,,,,,,,,,,,,,,,,,,,,,,,,,,
Sparrow,Sparrowe,Sparro,Sparroe,,,,,,,,,,,,,,,,,,,,,,,,,,,,,
Speck,Specke,,,,,,,,,,,,,,,,,,,,,,,,,,,,,,,
Spedding,Spedling,Spedden,Spedlen,Speddinge,Spedlinge,,,,,,,,,,,,,,,,,,,,,,,,,,,
Speed,Spede,Speade,Speede,,,,,,,,,,,,,,,,,,,,,,,,,,,,,
Spence,Spenes,Spense,Spens,,,,,,,,,,,,,,,,,,,,,,,,,,,,,
Spenceley,Spenslay,Spencley,Spencelor,,,,,,,,,,,,,,,,,,,,,,,,,,,,,
Spencer,Spenser,,,,,,,,,,,,,,,,,,,,,,,,,,,,,,,
Spend,,,,,,,,,,,,,,,,,,,,,,,,,,,,,,,,
Spittle,Spitle,,,,,,,,,,,,,,,,,,,,,,,,,,,,,,,
Spooner,Spouner,Sponer,Spurner,Sporner,Spoyner,Sponner,Spurnar,,,,,,,,,,,,,,,,,,,,,,,,,
Spoors,Spours,Spoore,Spoores,Spore,,,,,,,,,,,,,,,,,,,,,,,,,,,,
Spote,Spowte,,,,,,,,,,,,,,,,,,,,,,,,,,,,,,,
Spragg,Sprake,,,,,,,,,,,,,,,,,,,,,,,,,,,,,,,
Spraggon,Spragon,Spragan,,,,,,,,,,,,,,,,,,,,,,,,,,,,,,
Spratt,Spratte,Sprotte,,,,,,,,,,,,,,,,,,,,,,,,,,,,,,
Spring,,,,,,,,,,,,,,,,,,,,,,,,,,,,,,,,
Stabler,Stable,Staibler,,,,,,,,,,,,,,,,,,,,,,,,,,,,,,
Staborth,,,,,,,,,,,,,,,,,,,,,,,,,,,,,,,,
Staddon,Stadon,,,,,,,,,,,,,,,,,,,,,,,,,,,,,,,
Stafford,Stafforth,,,,,,,,,,,,,,,,,,,,,,,,,,,,,,,
Staggs,Stagge,Stag,Stages,,,,,,,,,,,,,,,,,,,,,,,,,,,,,
Stain,,,,,,,,,,,,,,,,,,,,,,,,,,,,,,,,
Staindrop,Staindropp,Stayndrop,Standroppe,,,,,,,,,,,,,,,,,,,,,,,,,,,,,
Staines,,,,,,,,,,,,,,,,,,,,,,,,,,,,,,,,
Stainforth,Staitforthe,Stampfourth,Stanifourth,Stainfirrth,Stainefurth,Stainefourth,Staineforth,Stanfuth,Stainfourth,Stainfurth,Stanforth,Stanforthe,,,,,,,,,,,,,,,,,,,,
Stainsby,Stainsbey,Stainsbye,Stainsbie,,,,,,,,,,,,,,,,,,,,,,,,,,,,,
Stainthorp,Stainthorpe,Stainthropp,Stantthorp,,,,,,,,,,,,,,,,,,,,,,,,,,,,,
Stainton,Staynton,,,,,,,,,,,,,,,,,,,,,,,,,,,,,,,
Stammers,Stammars,,,,,,,,,,,,,,,,,,,,,,,,,,,,,,,
Stamp,Stampe,,,,,,,,,,,,,,,,,,,,,,,,,,,,,,,
Stamper,Stanper,,,,,,,,,,,,,,,,,,,,,,,,,,,,,,,
Stampton,,,,,,,,,,,,,,,,,,,,,,,,,,,,,,,,
Standing,Stanning,Stanninge,,,,,,,,,,,,,,,,,,,,,,,,,,,,,,
Standley,Standeley,Standlay,,,,,,,,,,,,,,,,,,,,,,,,,,,,,,
Staness,Staneyes,,,,,,,,,,,,,,,,,,,,,,,,,,,,,,,
Stanhope,Stannoppe,,,,,,,,,,,,,,,,,,,,,,,,,,,,,,,
Stanley,,,,,,,,,,,,,,,,,,,,,,,,,,,,,,,,
Stanoe,,,,,,,,,,,,,,,,,,,,,,,,,,,,,,,,
Stanton,,,,,,,,,,,,,,,,,,,,,,,,,,,,,,,,
Stanwick,Stannicke,Stannick,Stanwicke,,,,,,,,,,,,,,,,,,,,,,,,,,,,,
Staper,,,,,,,,,,,,,,,,,,,,,,,,,,,,,,,,
Stapleton,Stappleton,,,,,,,,,,,,,,,,,,,,,,,,,,,,,,,
Starbrick,Storbrike,,,,,,,,,,,,,,,,,,,,,,,,,,,,,,,
Starking,Starkin,,,,,,,,,,,,,,,,,,,,,,,,,,,,,,,
Starn,Starne,,,,,,,,,,,,,,,,,,,,,,,,,,,,,,,
Starr,Starre,,Startforthe,Startfourth,,,,,,,,,,,,,,,,,,,,,,,,,,,,
Startforth,Starforth,Starford,,,,,,,,,,,,,,,,,,,,,,,,,,,,,,
Stavart,Stavarte,,,,,,,,,,,,,,,,,,,,,,,,,,,,,,,
Staveley,Staivley,,Steedde,,,,,,,,,,,,,,,,,,,,,,,,,,,,,
Stead,Steade,Steede,Steedman,Stedman,Steydman,Steedeman,Steidmane,,,,,,,,,,,,,,,,,,,,,,,,,
Steadman,Stedeman,Steidman,,,,,,,,,,,,,,,,,,,,,,,,,,,,,,
Stear,Steare,Steire,Steile,Steele,Stfele,Steille,Stele,,,,,,,,,,,,,,,,,,,,,,,,,
Steel,Steal,Steele,Steellie,Stealie,Stelie,Steley,Steylie,,,,,,,,,,,,,,,,,,,,,,,,,
Steeley,Steelie,Steelye,Stellen,Stelinge,Stelline,Stellyng,Stelelye,,,,,,,,,,,,,,,,,,,,,,,,,
Stelling,Stellinge,Stillinge,,,,,,,,,,,,,,,,,,,,,,,,,,,,,,
Stemsley,,,,,,,,,,,,,,,,,,,,,,,,,,,,,,,,
Stemson,,,,,,,,,,,,,,,,,,,,,,,,,,,,,,,,
Stephen,Steven,Steavens,Stevenson,Steavenson,Steaveson,Steveson,Stevinson,Stewnson,Steawenson,Stvenson,Stephensonne,Steaveson,Stevensone,Stephsone,,,,,,,,,,,,,,,,,,
Stephenson,Stevensonn,Stevnson,,,,,,,,,,,,,,,,,,,,,,,,,,,,,,
Sterley,Sterly,,Stawerd,Stawuard,Stawerd,Stawuerd,Stawuert,Stawart,Stawarte,Stawart,Stawarte,,,,,,,,,,,,,,,,,,,,,
Steward,Stuart,Staward,,,,,,,,,,,,,,,,,,,,,,,,,,,,,,
Stewers,,,,,,,,,,,,,,,,,,,,,,,,,,,,,,,,
Still,Stile,Stille,,,,,,,,,,,,,,,,,,,,,,,,,,,,,,
Stilton,Stylton,,,,,,,,,,,,,,,,,,,,,,,,,,,,,,,
Stinan,Stynan,,,,,,,,,,,,,,,,,,,,,,,,,,,,,,,
Stinger,,,Stierk,,,,,,,,,,,,,,,,,,,,,,,,,,,,,
Stirk,Styrke,Styrck,Stapperd,Stobbert,Stapurth,Stobbart,Stober,Stoberd,Stobherd,Stobhert,Stobbard,Stawpart,Stobber,Staparte,Stoper,,,,,,,,,,,,,,,,,
Stobart,Stobarte,Stobert,Stoobs,Stoubes,Stobbes,Storbs,Storbbes,Stobs,Stubbs,Stubs,Stubes,Stobb,,,,,,,,,,,,,,,,,,,,
Stobbs,Stobes,Stoobes,,,,,,,,,,,,,,,,,,,,,,,,,,,,,,
Stobie,Stobey,Stobye,Stoks,,,,,,,,,,,,,,,,,,,,,,,,,,,,,
Stock,Stocks,Stocke,Stockdaile,,,,,,,,,,,,,,,,,,,,,,,,,,,,,
Stockdale,Stockdaill,Stockdell,,,,,,,,,,,,,,,,,,,,,,,,,,,,,,
Stockett,,,Stocklay,Stokeley,,,,,,,,,,,,,,,,,,,,,,,,,,,,
Stockley,Stokelay,Stoklin,Stoctone,Stocton,Stocktone,Stocktonne,Stockdon,,,,,,,,,,,,,,,,,,,,,,,,,
Stockton,Stoxtane,Stokden,Stoddert,Stodderte,Stoder,Stoddart,Stoddet,Stodderd,Stodart,Stoderd,Studderd,Stoddarte,Stordart,Stodartt,,,,,,,,,,,,,,,,,,
Stoddard,Stodert,Stodarte,,,,,,,,,,,,,,,,,,,,,,,,,,,,,,
Stokeld,Stokelt,Stoakelt,Stokel,Stouk,Stokey,Stokkell,Stokeyl,,,,,,,,,,,,,,,,,,,,,,,,,
Stokell,Stokall,Stockell,Stokeslye,Stokesly,Stokeslaie,,,,,,,,,,,,,,,,,,,,,,,,,,,
Stokesley,Stockslay,Stokeslie,Stocho,Stocko,Stockow,Stoker,,,,,,,,,,,,,,,,,,,,,,,,,,
Stokoe,Stockoe,Stochoo,,,,,,,,,,,,,,,,,,,,,,,,,,,,,,
Stone,,,,,,,,,,,,,,,,,,,,,,,,,,,,,,,,
Stoner,,,,,,,,,,,,,,,,,,,,,,,,,,,,,,,,
Stoneslay,,,,,,,,,,,,,,,,,,,,,,,,,,,,,,,,
Storey,Storrie,Storie,Storye,Story,Stowry,Stoorye,Storry,,,,,,,,,,,,,,,,,,,,,,,,,
Stork,,,,,,,,,,,,,,,,,,,,,,,,,,,,,,,,
Storley,Storly,,,,,,,,,,,,,,,,,,,,,,,,,,,,,,,
Storr,,,,,,,,,,,,,,,,,,,,,,,,,,,,,,,,
Stothard,Stothert,Stotherd,,,,,,,,,,,,,,,,,,,,,,,,,,,,,,
Stotsfrowe,,,,,,,,,,,,,,,,,,,,,,,,,,,,,,,,
Stott,Stote,Stawte,Stotte,Stot,Stoot,Stoote,Stoots,Stod,Stol,,,,,,,,,,,,,,,,,,,,,,,
Stout,Stowte,Stoute,Stowt,,,,,,,,,,,,,,,,,,,,,,,,,,,,,
Stradford,Straidfurthe,,,,,,,,,,,,,,,,,,,,,,,,,,,,,,,
Strangeways,Stranguish,Strangwishe,Stranguish,Strangwithe,Strangwishe,Strangwais,Strangwash,Stranwishe,Stranwiffe,,,,,,,,,,,,,,,,,,,,,,,
Straughan,,,,,,,,,,,,,,,,,,,,,,,,,,,,,,,,
Streanam,,,,,,,,,,,,,,,,,,,,,,,,,,,,,,,,
Street,Streat,,,,,,,,,,,,,,,,,,,,,,,,,,,,,,,
Strickland,,,,,,,,,,,,,,,,,,,,,,,,,,,,,,,,
Strickling,Stricklinge,,,,,,,,,,,,,,,,,,,,,,,,,,,,,,,
Strider,Stryder,,,,,,,,,,,,,,,,,,,,,,,,,,,,,,,
Strikall,,,,,,,,,,,,,,,,,,,,,,,,,,,,,,,,
Stringer,,,,,,,,,,,,,,,,,,,,,,,,,,,,,,,,
Stromell,Strommell,Strummill,,,,,,,,,,,,,,,,,,,,,,,,,,,,,,
Strong,,,,,,,,,,,,,,,,,,,,,,,,,,,,,,,,
Strudhurst,,,,,,,,,,,,,,,,,,,,,,,,,,,,,,,,
Stubbles,,,,,,,,,,,,,,,,,,,,,,,,,,,,,,,,
Sturdy,Sturdye,,,,,,,,,,,,,,,,,,,,,,,,,,,,,,,
Suddick,Sudick,Suddicke,Suddik,Saddick,Suddicke,Sodeke,Suddyck,Sudwick,,,,,,,,,,,,,,,,,,,,,,,,
Suffutt,,,,,,,,,,,,,,,,,,,,,,,,,,,,,,,,
Sugdale,Sugdaile,,,,,,,,,,,,,,,,,,,,,,,,,,,,,,,
Summer,Soomor,Somer,Somere,Somore,Sumer,Sommer,Somar,,,,,,,,,,,,,,,,,,,,,,,,,
Summerfield,Sommersfelde,,,,,,,,,,,,,,,,,,,,,,,,,,,,,,,
Summerside,Sommersid,Sumerside,Sumersid,Sumersidde,Summersid,,,,,,,,,,,,,,,,,,,,,,,,,,,
Summerson,Somerson,Sommerson,Sommersonn,,,,,,,,,,,,,,,,,,,,,,,,,,,,,
Sumpton,Supton,,,,,,,,,,,,,,,,,,,,,,,,,,,,,,,
Sunbird,Suniberd,,,,,,,,,,,,,,,,,,,,,,,,,,,,,,,
Surgon,Sergom,,,,,,,,,,,,,,,,,,,,,,,,,,,,,,,
Surrell,,,,,,,,,,,,,,,,,,,,,,,,,,,,,,,,
Surrett,Surret,Surat,Surrette,,,,,,,,,,,,,,,,,,,,,,,,,,,,,
Surtees,Sewertyes,Suyrtis,Suerties,Surtise,Surtiss,Sureties,Suretice,Suretes,Suertes,Suerteis,Surtes,Sewertes,Surtesse,Seurtes,Suretisse,Surtiss,Suertis,Smertis,Snertis,Suretyes,,,,,,,,,,,,
Sutton,,,,,,,,,,,,,,,,,,,,,,,,,,,,,,,,
Swaddle,Swadall,Swaldell,Swaldle,Swawdell,Swadell,Swaldayll,Swaddell,Swadale,Swadalle,,,,,,,,,,,,,,,,,,,,,,,
Swaine,,,,,,,,,,,,,,,,,,,,,,,,,,,,,,,,
Swainston,Swinstonn,Swenstonn,Swenstonn,Swainstonn,Swainstone,Swinston,Swanstone,Swenstonne,Swenston,Swaynston,Swayneston,Swinstone,,,,,,,,,,,,,,,,,,,,
Swale,Swaylle,,,,,,,,,,,,,,,,,,,,,,,,,,,,,,,
Swallow,Swallowe,Swalloe,Swaller,Swalow,,,,,,,,,,,,,,,,,,,,,,,,,,,,
Swalwell,Swellwell,Swallwell,,,,,,,,,,,,,,,,,,,,,,,,,,,,,,
Swan,Swann,Swane,Swanne,,,,,,,,,,,,,,,,,,,,,,,,,,,,,
Swart,Swarte,,,,,,,,,,,,,,,,,,,,,,,,,,,,,,,
Swat,Swatt,Swatte,,,,,,,,,,,,,,,,,,,,,,,,,,,,,,
Swell,Swele,,,,,,,,,,,,,,,,,,,,,,,,,,,,,,,
Swift,Swifte,Swyfte,,,,,,,,,,,,,,,,,,,,,,,,,,,,,,
Swinbank,Swinbanke,Swinbancke,Swinbanck,Swynbancke,,,,,,,,,,,,,,,,,,,,,,,,,,,,
Swinburn,Swinborn,Swinburne,Swenborne,Swyneburne,Swenburne,Swinborne,Swynburne,Swinboorne,Swyneborn,Swynborne,Swyneborne,Swinbourne,,,,,,,,,,,,,,,,,,,,
Swinerd,Swynherd,Swynard,,,,,,,,,,,,,,,,,,,,,,,,,,,,,,
Swinney,Swenay,Sweenay,Swinnay,Swenay,Swinnow,,,,,,,,,,,,,,,,,,,,,,,,,,,
Swinton,Swentonn,Swenton,,,,,,,,,,,,,,,,,,,,,,,,,,,,,,
Sword,Sweard,Soude,Swerd,Sweerd,,,,,,,,,,,,,,,,,,,,,,,,,,,,
Sydenham,Sydedum,,,,,,,,,,,,,,,,,,,,,,,,,,,,,,,
Antony,Suntonie,,,,,,,,,,,,,,,,,,,,,,,,,,,,,,,
Chamber,Shamber,,,,,,,,,,,,,,,,,,,,,,,,,,,,,,,
Gargrave,Skargrave,,,,,,,,,,,,,,,,,,,,,,,,,,,,,,,
