Eache,Eche,,,,,,,,,,,,,,,,,,
Eaglesfield,Eglesfield,,,,,,,,,,,,,,,,,,
Eales,Eles,Eilles,Eyles,Eeles,Elles,,,,,,,,,,,,,,
Earby,Eirebye,,,,,,,,,,,,,,,,,,
Eare,,,,,,,,,,,,,,,,,,,
Earl,Earle,Earll,Earlle,,,,,,,,,,,,,,,,
Earsdon,Earnsdon,Earston,,,,,,,,,,,,,,,,,
Easby,Easbie,Easibye,Eysby,Eisbye,Easbell,,,,,,,,,,,,,,
Easterby,Easterbie,Eastorbe,Esterbie,Esterby,,,,,,,,,,,,,,,
Eastewith,,,,,,,,,,,,,,,,,,,
Eastgate,Estgait,Estgaite,Estgat,Estegaite,,,,,,,,,,,,,,,
Eastman,,,,,,,,,,,,,,,,,,,
Easton,Eston,,,,,,,,,,,,,,,,,,
Eastrey,Eastring,Eastringe,,,,,,,,,,,,,,,,,
Eaton,,,,,,,,,,,,,,,,,,,
Eature,,,,,,,,,,,,,,,,,,,
Eden,Edene,Edean,Edene,Edine,Edon,Edone,Edonne,,,,,,,,,,,,
Edenson,Edensonn,Edmson,,,,,,,,,,,,,,,,,
Edgar,Edcar,,,,,,,,,,,,,,,,,,
Edrington,Edrinton,,,,,,,,,,,,,,,,,,
Edward,Edwarde,Edwardes,Edwards,,,,,,,,,,,,,,,,
Eggleston,Egglestone,Egleston,Eglestone,,,,,,,,,,,,,,,,
Egland,Eglande,,,,,,,,,,,,,,,,,,
Eglonby,Eglanbye,,,,,,,,,,,,,,,,,,
Eighton,Eyghton,,,,,,,,,,,,,,,,,,
Ekins,Ekin,,,,,,,,,,,,,,,,,,
Eland,Elande,Ealand,Ealands,,,,,,,,,,,,,,,,
Elche,,,,,,,,,,,,,,,,,,,
Elchinor,Elchan,,,,,,,,,,,,,,,,,,
Elder,Elders,,,,,,,,,,,,,,,,,,
Eldon,,,,,,,,,,,,,,,,,,,
Elgie,Elgye,,,,,,,,,,,,,,,,,,
Eliker,Elike,,,,,,,,,,,,,,,,,,
Ellerby,Ellerbye,Ellerbie,,,,,,,,,,,,,,,,,
Ellerton,,,,,,,,,,,,,,,,,,,
Elletson,,,,,,,,,,,,,,,,,,,
Ellett,Ellet,Ellat,,,,,,,,,,,,,,,,,
Ellinor,Eliner,Elinor,Elenor,Ellener,Ellenor,Ellynor,,,,,,,,,,,,,
Ellinson,,,,,,,,,,,,,,,,,,,
Ellis,Elis,Ellisse,,,,,,,,,,,,,,,,,
Ellison,Ellisonn,Ellissonn,Ellissonne,Eleson,Elessonne,Elison,Elisone,Elisonn,Elisonne,Ellason,Elleson,Ellyson,Ellysone,Elyson,Elysone,Elysonn,Elysonne,Elzstone,Elissonne
Ellwood,Ellworde,Elwood,Elwoode,Elwod,Elwode,Ellwade,,,,,,,,,,,,,
Elmer,,,,,,,,,,,,,,,,,,,
Elrington,Ellrington,Elrinton,Eltrington,,,,,,,,,,,,,,,,
Elstob,Elstobb,Elstobbe,Elstobe,Elstoby,,,,,,,,,,,,,,,
Elston,Elstone,Elsston,Elzstone,Elson,,,,,,,,,,,,,,,
Elsworth,Elswith,,,,,,,,,,,,,,,,,,
Eltringham,Elthringham,Eltrengham,Eltringam,Eltringiam,Eltringiame,Eltryneham,Eltryngjem,Eltryngjeme,Elltrynehan,,,,,,,,,,
Elvet,Elvett,,,,,,,,,,,,,,,,,,
Elwin,Elwan,Elwand,Elwande,Elwithe,,,,,,,,,,,,,,,
Emlinton,Emlynton,,,,,,,,,,,,,,,,,,
Emmerson,Emmeson,Emerson,Emersone,Emersonn,Emersonne,Emason,Emsonn,Emers,,,,,,,,,,,
Emond,Emonnte,Emmone,,,,,,,,,,,,,,,,,
Emondson,Emonson,,,,,,,,,,,,,,,,,,
Eners,,,,,,,,,,,,,,,,,,,
England,Englande,Ingland,Iglande,,,,,,,,,,,,,,,,
Erie,,,,,,,,,,,,,,,,,,,
Errington,Erryngton,Erington,Eringtonn,Eryngton,,,,,,,,,,,,,,,
Erwin,Eryam,,,,,,,,,,,,,,,,,,
Escomb,Escome,,,,,,,,,,,,,,,,,,
Esh,Eshe,,,,,,,,,,,,,,,,,,
Eskrick,Eskrige,,,,,,,,,,,,,,,,,,
Essingson,Essetson,,,,,,,,,,,,,,,,,,
Etherington,Etherinton,Ethrington,Eythrintonn,,,,,,,,,,,,,,,,
Eure,Euere,,,,,,,,,,,,,,,,,,
Everettson,Evaritson,,,,,,,,,,,,,,,,,,
Evers,Evars,Eves,,,,,,,,,,,,,,,,,
Everton,Eventonn,,,,,,,,,,,,,,,,,,
Ewbank,Ewbanck,Ewbancke,Eubankes,,,,,,,,,,,,,,,,
Ewins,,,,,,,,,,,,,,,,,,,
Ewre,Ewrye,,,,,,,,,,,,,,,,,,
Airyholm,Eryholme,Eryom,Eryam,,,,,,,,,,,,,,,,
Ashton,Eshton,,,,,,,,,,,,,,,,,,
Attis,Aitas,Attesse,Atus,Aytas,Ettes,Ettesse,Ettis,Ettiss,,,,,,,,,,,
Attis,Ettesse,Ettis,Ettiss,,,,,,,,,,,,,,,,
Capstick,Eapsick,,,,,,,,,,,,,,,,,,
Heath,Eithe,,,,,,,,,,,,,,,,,,
Hesek,Esake,Essyke,Eshyke,Ersecke,,,,,,,,,,,,,,,
Iley,Ellay,Ellaye,,,,,,,,,,,,,,,,,
Ingleby,Engelbie,,,,,,,,,,,,,,,,,,
Ingleden,Engledon,,,,,,,,,,,,,,,,,,
Ingledew,Engledew,,,,,,,,,,,,,,,,,,
Ingram,Engram,,,,,,,,,,,,,,,,,,
Lettany,Ettany,,,,,,,,,,,,,,,,,,
