Eache,Eche,each,,,,,,,,,,,,,,,,,,,,,,,,,,,,,,,,,,,,,,,,,,,,
Eaglesfield,Eglesfield,,,,,,,,,,,,,,,,,,,,,,,,,,,,,,,,,,,,,,,,,,,,,
Eales,Eles,Eilles,Eyles,Eeles,Elles,eels,,,,,,,,,,,,,,,,,,,,,,,,,,,,,,,,,,,,,,,,
Earby,Eirebye,,,,,,,,,,,,,,,,,,,,,,,,,,,,,,,,,,,,,,,,,,,,,
Eare,Erie,,,,,,,,,,,,,,,,,,,,,,,,,,,,,,,,,,,,,,,,,,,,,
Earl,Earle,Earll,Earlle,,,,,,,,,,,,,,,,,,,,,,,,,,,,,,,,,,,,,,,,,,,
Earnshaw,Ainshaw,Ainsher,Enshaw,Herinshaw,Eainshaw,Aingey,Eaingey,Aingy,Ainjey,Angay,Angey,Eangey,Angie,Angy,Eange,Eangy,Earngy,Earnjey,Engey,Arnshaw,Arnsher,Earingshaw,Earinshaw,Earneshaw,Earngee,Earnsaw,Earnsha,Earnshah,Earnshay,Earnshire,Earnshy,Earonshaw,Erneshaw,Ernshaw,Errenshire,Erringshaw,Hangeshaw,Hearinshaw,Henshaw,Hensher,Heronshaw,Herringshaw,Herrinshaw,Hindshaw,Yearnshaw,Yearnshire
Earsdon,Earnsdon,Earston,,,,,,,,,,,,,,,,,,,,,,,,,,,,,,,,,,,,,,,,,,,,
Easby,Easbie,Easibye,Eysby,Eisbye,Easbell,,,,,,,,,,,,,,,,,,,,,,,,,,,,,,,,,,,,,,,,,
Easterby,Easterbie,Eastorbe,Esterbie,Esterby,,,,,,,,,,,,,,,,,,,,,,,,,,,,,,,,,,,,,,,,,,
Eastewith,,,,,,,,,,,,,,,,,,,,,,,,,,,,,,,,,,,,,,,,,,,,,,
Eastgate,Estgait,Estgaite,Estgat,Estegaite,eastcott,esket,,,,,,,,,,,,,,,,,,,,,,,,,,,,,,,,,,,,,,,,
Eastman,,,,,,,,,,,,,,,,,,,,,,,,,,,,,,,,,,,,,,,,,,,,,,
Easton,Eston,,,,,,,,,,,,,,,,,,,,,,,,,,,,,,,,,,,,,,,,,,,,,
Eastrey,Eastring,Eastringe,,,,,,,,,,,,,,,,,,,,,,,,,,,,,,,,,,,,,,,,,,,,
Eaton,,,,,,,,,,,,,,,,,,,,,,,,,,,,,,,,,,,,,,,,,,,,,,
Eature,,,,,,,,,,,,,,,,,,,,,,,,,,,,,,,,,,,,,,,,,,,,,,
Ebbleson,Eppleson,,,,,,,,,,,,,,,,,,,,,,,,,,,,,,,,,,,,,,,,,,,,,
Eden,Edene,Edean,Edene,Edine,Edon,Edone,Edonne,,,,,,,,,,,,,,,,,,,,,,,,,,,,,,,,,,,,,,,
Edenson,Edensonn,Edmson,,,,,,,,,,,,,,,,,,,,,,,,,,,,,,,,,,,,,,,,,,,,
Edgar,Edcar,,,,,,,,,,,,,,,,,,,,,,,,,,,,,,,,,,,,,,,,,,,,,
Edmundson,Admonson,Emondson,Emonson,,,,,,,,,,,,,,,,,,,,,,,,,,,,,,,,,,,,,,,,,,,
Edrington,Edrinton,,,,,,,,,,,,,,,,,,,,,,,,,,,,,,,,,,,,,,,,,,,,,
Edwards,Edwarde,Edwardes,Edward,,,,,,,,,,,,,,,,,,,,,,,,,,,,,,,,,,,,,,,,,,,
Eggleston,Egglestone,Egleston,Eglestone,Agelston,Agleston,,,,,,,,,,,,,,,,,,,,,,,,,,,,,,,,,,,,,,,,,
Egland,Eglande,Agelande,Agglande,Agland,,,,,,,,,,,,,,,,,,,,,,,,,,,,,,,,,,,,,,,,,,
Eglantine,Aglantine,Aglintine,,,,,,,,,,,,,,,,,,,,,,,,,,,,,,,,,,,,,,,,,,,,
Eglonby,Eglanbye,Aglonbye,Aglandbye,,,,,,,,,,,,,,,,,,,,,,,,,,,,,,,,,,,,,,,,,,,
Eighton,Eyghton,ayton,,,,,,,,,,,,,,,,,,,,,,,,,,,,,,,,,,,,,,,,,,,,
Ekins,Ekin,,,,,,,,,,,,,,,,,,,,,,,,,,,,,,,,,,,,,,,,,,,,,
Eland,Elande,Ealand,Ealands,,,,,,,,,,,,,,,,,,,,,,,,,,,,,,,,,,,,,,,,,,,
Elchinor,Elchan,,,,,,,,,,,,,,,,,,,,,,,,,,,,,,,,,,,,,,,,,,,,,
Elder,Elders,,,,,,,,,,,,,,,,,,,,,,,,,,,,,,,,,,,,,,,,,,,,,
Eldon,,,,,,,,,,,,,,,,,,,,,,,,,,,,,,,,,,,,,,,,,,,,,,
Elgie,Elgye,Elche,,,,,,,,,,,,,,,,,,,,,,,,,,,,,,,,,,,,,,,,,,,,
Ellerby,Ellerbye,Ellerbie,,,,,,,,,,,,,,,,,,,,,,,,,,,,,,,,,,,,,,,,,,,,
Ellerton,,,,,,,,,,,,,,,,,,,,,,,,,,,,,,,,,,,,,,,,,,,,,,
Elletson,Allotson,,,,,,,,,,,,,,,,,,,,,,,,,,,,,,,,,,,,,,,,,,,,,
Ellett,Ellet,Ellat,eliot,eliott,elliot,elliott,alliott,Allatt,Allot,,,,,,,,,,,,,,,,,,,,,,,,,,,,,,,,,,,,,
Elliker,Elike,Eliker,,,,,,,,,,,,,,,,,,,,,,,,,,,,,,,,,,,,,,,,,,,,
Ellinor,Eliner,Elinor,Elenor,Ellener,Ellenor,Ellynor,Elmer,elemore,,,,,,,,,,,,,,,,,,,,,,,,,,,,,,,,,,,,,,
Ellinson,allinson,,,,,,,,,,,,,,,,,,,,,,,,,,,,,,,,,,,,,,,,,,,,,
Ellis,Elis,Ellisse,,,,,,,,,,,,,,,,,,,,,,,,,,,,,,,,,,,,,,,,,,,,
Ellwood,Ellworde,Elwood,Elwoode,Elwod,Elwode,Ellwade,,,,,,,,,,,,,,,,,,,,,,,,,,,,,,,,,,,,,,,,
Elphingston,Elberson,Elbeston,Elfeson,Elfingson,Elfingston,Elfinson,Elfison,Elphaston,Elpheston,Elphestone,Elphingston,Elphington,Elphinson,Elphinston,Elphinstone,Elphison,Elphiston,Elverston,Elveston,Elvingston,Elvinson,Elvinston,Elvison,Elviston,,,,,,,,,,,,,,,,,,,,,,
Elrington,Ellrington,Elrinton,Eltrington,Hellrington,Helryngton,Allerington,Ellerington,Eldrington,Elerington,Elerinton,Ellarington,Ellerinton,Ellirington,Ellrenton,Ellrinton,Elrenton,Eltherington,,,,,,,,,,,,,,,,,,,,,,,,,,,,,
Elstob,Elstobb,Elstobbe,Elstobe,Elstoby,,,,,,,,,,,,,,,,,,,,,,,,,,,,,,,,,,,,,,,,,,
Elston,Elstone,Elsston,Elzstone,Elsdon,,,,,,,,,,,,,,,,,,,,,,,,,,,,,,,,,,,,,,,,,,
Elsworth,Elswith,Elwithe,,,,,,,,,,,,,,,,,,,,,,,,,,,,,,,,,,,,,,,,,,,,
Eltringham,Elthringham,Eltrengham,Eltringam,Eltringiam,Eltringiame,Eltryneham,Eltryngjem,Eltryngjeme,Elltrynehan,,,,,,,,,,,,,,,,,,,,,,,,,,,,,,,,,,,,,
Elvet,Elvett,,,,,,,,,,,,,,,,,,,,,,,,,,,,,,,,,,,,,,,,,,,,,
Elwin,Elwan,Elwand,Elwande,,,,,,,,,,,,,,,,,,,,,,,,,,,,,,,,,,,,,,,,,,,
Embleton,Emelton,Embelton,Embledon,Emblington,Emilton,Emleton,Emlton,Emmelton,Emulton,,,,,,,,,,,,,,,,,,,,,,,,,,,,,,,,,,,,,
Emlinton,Emlynton,Emblington,Emelington,Emlington,,,,,,,,,,,,,,,,,,,,,,,,,,,,,,,,,,,,,,,,,,
Emmerson,Emmeson,Emerson,Emersone,Emersonn,Emersonne,Emason,Emsonn,Imeson,Hemmerson,,,,,,,,,,,,,,,,,,,,,,,,,,,,,,,,,,,,,
Emond,Emonnte,Emmone,,,,,,,,,,,,,,,,,,,,,,,,,,,,,,,,,,,,,,,,,,,,
England,Englande,Ingland,Iglande,,,,,,,,,,,,,,,,,,,,,,,,,,,,,,,,,,,,,,,,,,,
English,inglish,Inglysse,Angliss,inglis,Ainglish,,,,,,,,,,,,,,,,,,,,,,,,,,,,,,,,,,,,,,,,,
ennis,innis,innes,Eners,inness,enniss,,,,,,,,,,,,,,,,,,,,,,,,,,,,,,,,,,,,,,,,,
Errington,Erryngton,Erington,Eringtonn,Eryngton,Herrington,Herington,Harrington,Arrington,Arington,Aryneton,,,,,,,,,,,,,,,,,,,,,,,,,,,,,,,,,,,,
Escomb,Escome,,,,,,,,,,,,,,,,,,,,,,,,,,,,,,,,,,,,,,,,,,,,,
Esh,Eshe,,,,,,,,,,,,,,,,,,,,,,,,,,,,,,,,,,,,,,,,,,,,,
Etherington,Etherinton,Ethrington,Eythrintonn,Hetherington,Hetherinton,Hatherington,Heatherington,Hedrinton,Hothonton,,,,,,,,,,,,,,,,,,,,,,,,,,,,,,,,,,,,,
Eure,Euere,ewer,Ewre,Ewrye,,,,,,,,,,,,,,,,,,,,,,,,,,,,,,,,,,,,,,,,,,
Everettson,Evaritson,,,,,,,,,,,,,,,,,,,,,,,,,,,,,,,,,,,,,,,,,,,,,
Evers,Evars,Eves,,,,,,,,,,,,,,,,,,,,,,,,,,,,,,,,,,,,,,,,,,,,
Everton,Eventonn,,,,,,,,,,,,,,,,,,,,,,,,,,,,,,,,,,,,,,,,,,,,,
Ewbank,Ewbanck,Ewbancke,Eubankes,Ubanke,Ubancke,Ubanck,,,,,,,,,,,,,,,,,,,,,,,,,,,,,,,,,,,,,,,,
Ewins,ewens,youens,,,,,,,,,,,,,,,,,,,,,,,,,,,,,,,,,,,,,,,,,,,,
