Jugland,Yugland,,,,,,,,,,,,,,,,,,,,,,,,,,,,,,,,,,,,,,,,,,,,,,,,,,,,,,,,,,,,,,,,,,,,,,,,,,,,,,,,,,,,,,,,
Udall,Udale,Yowdale,Yodell,Yewdall,Ewdell,Youdall,Eudle,,,,,,,,,,,,,,,,,,,,,,,,,,,,,,,,,,,,,,,,,,,,,,,,,,,,,,,,,,,,,,,,,,,,,,,,,,,,,,,,,,
Ullo,Yellow,,,,,,,,,,,,,,,,,,,,,,,,,,,,,,,,,,,,,,,,,,,,,,,,,,,,,,,,,,,,,,,,,,,,,,,,,,,,,,,,,,,,,,,,
Umfraville,Untherel,Umfreville,Umphraville,Umphreville,Unfreiville,,,,,,,,,,,,,,,,,,,,,,,,,,,,,,,,,,,,,,,,,,,,,,,,,,,,,,,,,,,,,,,,,,,,,,,,,,,,,,,,,,,,
Umpleby,Ampleby,Humpleby,Humbleby,Humpabley,Umbleby,Umppleby,Wimpleby,Uppleby,,,,,,,,,,,,,,,,,,,,,,,,,,,,,,,,,,,,,,,,,,,,,,,,,,,,,,,,,,,,,,,,,,,,,,,,,,,,,,,,,
Underhill,Undrell,,,,,,,,,,,,,,,,,,,,,,,,,,,,,,,,,,,,,,,,,,,,,,,,,,,,,,,,,,,,,,,,,,,,,,,,,,,,,,,,,,,,,,,,
Underwood,Underwode,Underwoode,Anderwood,Underwod,Underwodd,Wonderwood,,,,,,,,,,,,,,,,,,,,,,,,,,,,,,,,,,,,,,,,,,,,,,,,,,,,,,,,,,,,,,,,,,,,,,,,,,,,,,,,,,,
Unthank,Unthanke,Unthancke,Onthanke,Unthanks,,,,,,,,,,,,,,,,,,,,,,,,,,,,,,,,,,,,,,,,,,,,,,,,,,,,,,,,,,,,,,,,,,,,,,,,,,,,,,,,,,,,,
Upadine,Upintine,Upintyne,,,,,,,,,,,,,,,,,,,,,,,,,,,,,,,,,,,,,,,,,,,,,,,,,,,,,,,,,,,,,,,,,,,,,,,,,,,,,,,,,,,,,,,
Upcraft,Upcroft,,,,,,,,,,,,,,,,,,,,,,,,,,,,,,,,,,,,,,,,,,,,,,,,,,,,,,,,,,,,,,,,,,,,,,,,,,,,,,,,,,,,,,,,
Upperton,Uperton,,,,,,,,,,,,,,,,,,,,,,,,,,,,,,,,,,,,,,,,,,,,,,,,,,,,,,,,,,,,,,,,,,,,,,,,,,,,,,,,,,,,,,,,
Upright,Upwright,,,,,,,,,,,,,,,,,,,,,,,,,,,,,,,,,,,,,,,,,,,,,,,,,,,,,,,,,,,,,,,,,,,,,,,,,,,,,,,,,,,,,,,,
Upsall,Upsal,Upshall,,,,,,,,,,,,,,,,,,,,,,,,,,,,,,,,,,,,,,,,,,,,,,,,,,,,,,,,,,,,,,,,,,,,,,,,,,,,,,,,,,,,,,,
Upward,Upworth,,,,,,,,,,,,,,,,,,,,,,,,,,,,,,,,,,,,,,,,,,,,,,,,,,,,,,,,,,,,,,,,,,,,,,,,,,,,,,,,,,,,,,,,
Urpeth,orpeth,Oorpeth,Arpeth,Orppoth,,,,,,,,,,,,,,,,,,,,,,,,,,,,,,,,,,,,,,,,,,,,,,,,,,,,,,,,,,,,,,,,,,,,,,,,,,,,,,,,,,,,,
Ushaw,Ushawe,Usher,Ushay,Ushey,Usher,Usser,Aisher,Hussho,Hushar,Hushaw,Hutshaw,Oushaw,Oushew,Usha,Ushae,Ushah,Ushar,Ushart,Ushers,Usho,Ushow,Ushsha,Ushshaw,Usserraw,Ussha,Usshaw,Usshawe,Ussher,Husher,,,,,,,,,,,,,,,,,,,,,,,,,,,,,,,,,,,,,,,,,,,,,,,,,,,,,,,,,,,,
Uswin,Uswyn,Uswayne,oswin,Oswanne,Uswan,Uswen,Uswyn,Oswine,Oswyn,Uzwin,Ousewant,,,,,,,,,,,,,,,,,,,,,,,,,,,,,,,,,,,,,,,,,,,,,,,,,,,,,,,,,,,,,,,,,,,,,,,,,,,,,,
Utley,Uttley,Outley,,,,,,,,,,,,,,,,,,,,,,,,,,,,,,,,,,,,,,,,,,,,,,,,,,,,,,,,,,,,,,,,,,,,,,,,,,,,,,,,,,,,,,,
Valente,Valenti,Volanti,,,,,,,,,,,,,,,,,,,,,,,,,,,,,,,,,,,,,,,,,,,,,,,,,,,,,,,,,,,,,,,,,,,,,,,,,,,,,,,,,,,,,,,
Valentine,Vallinbyne,Balantyne,Balentine,Ballantine,Ballantyne,Ballentine,Ballentyne,Ballingtine,Ballintine,Valentyne,Valintine,Vallentine,Vallentyne,Volantine,Volintine,,,,,,,,,,,,,,,,,,,,,,,,,,,,,,,,,,,,,,,,,,,,,,,,,,,,,,,,,,,,,,,,,,,,,,,,,,
Valiant,Vallyan,Vailliant,Valliant,Valent,Valient,Vallent,Vallient,Vallint,Vallyan,,,,,,,,,,,,,,,,,,,,,,,,,,,,,,,,,,,,,,,,,,,,,,,,,,,,,,,,,,,,,,,,,,,,,,,,,,,,,,,,
Vallans,Valance,Valence,Valens,Vallance,Vallence,Vallens,Vallince,Vallins,Vallints,Vallons,Vollance,Vollence,Wallance,,,,,,,,,,,,,,,,,,,,,,,,,,,,,,,,,,,,,,,,,,,,,,,,,,,,,,,,,,,,,,,,,,,,,,,,,,,,
Vallely,Vallerly,Vallelly,Vally,Valleley,Vallaly,Vallaley,Valella,Valelley,,,,,,,,,,,,,,,,,,,,,,,,,,,,,,,,,,,,,,,,,,,,,,,,,,,,,,,,,,,,,,,,,,,,,,,,,,,,,,,,,
Valley,Vallye,Vally,,,,,,,,,,,,,,,,,,,,,,,,,,,,,,,,,,,,,,,,,,,,,,,,,,,,,,,,,,,,,,,,,,,,,,,,,,,,,,,,,,,,,,,
Vallock,Vallocke,Wallack,Vallark,Vallack,,,,,,,,,,,,,,,,,,,,,,,,,,,,,,,,,,,,,,,,,,,,,,,,,,,,,,,,,,,,,,,,,,,,,,,,,,,,,,,,,,,,,
Vannon,Vannons,,,,,,,,,,,,,,,,,,,,,,,,,,,,,,,,,,,,,,,,,,,,,,,,,,,,,,,,,,,,,,,,,,,,,,,,,,,,,,,,,,,,,,,,
Varl,Varl,Varrell,Varrill,,,,,,,,,,,,,,,,,,,,,,,,,,,,,,,,,,,,,,,,,,,,,,,,,,,,,,,,,,,,,,,,,,,,,,,,,,,,,,,,,,,,,,
Varley,Verley,Varle,Varling,Varly,Verily,Verling,,,,,,,,,,,,,,,,,,,,,,,,,,,,,,,,,,,,,,,,,,,,,,,,,,,,,,,,,,,,,,,,,,,,,,,,,,,,,,,,,,,
Varo,Varow,Vierow,Vayro,Varrow,Verow,,,,,,,,,,,,,,,,,,,,,,,,,,,,,,,,,,,,,,,,,,,,,,,,,,,,,,,,,,,,,,,,,,,,,,,,,,,,,,,,,,,,
Vart,Veart,Vert,Verte,,,,,,,,,,,,,,,,,,,,,,,,,,,,,,,,,,,,,,,,,,,,,,,,,,,,,,,,,,,,,,,,,,,,,,,,,,,,,,,,,,,,,,
Varty,Varte,Vertie,Verty,vardy,Vardey,Vardie,Vardo,Vardye,Vartey,Vartie,Verdey,Verdye,Verity,Verte,Verty,Virty,,,,,,,,,,,,,,,,,,,,,,,,,,,,,,,,,,,,,,,,,,,,,,,,,,,,,,,,,,,,,,,,,,,,,,,,,
Vary,Varye,Varrye,Varaye,Vare,Vares,Varie,Varey,Varah,Varay,Varray,Varry,Veary,Veray,Verey,Verrey,Very,Verye,,,,,,,,,,,,,,,,,,,,,,,,,,,,,,,,,,,,,,,,,,,,,,,,,,,,,,,,,,,,,,,,,,,,,,,,
Vasey,Vasye,Vaysie,Vaisie,Vaiser,Vaisor,Vaysee,Veysye,Vasie,Vessey,Vaisley,,,,,,,,,,,,,,,,,,,,,,,,,,,,,,,,,,,,,,,,,,,,,,,,,,,,,,,,,,,,,,,,,,,,,,,,,,,,,,,
Vavasour,Vavicer,,,,,,,,,,,,,,,,,,,,,,,,,,,,,,,,,,,,,,,,,,,,,,,,,,,,,,,,,,,,,,,,,,,,,,,,,,,,,,,,,,,,,,,,
Ventriss,Ventres,Ventrisse,,,,,,,,,,,,,,,,,,,,,,,,,,,,,,,,,,,,,,,,,,,,,,,,,,,,,,,,,,,,,,,,,,,,,,,,,,,,,,,,,,,,,,,
Vicars,Viccars,Vicus,Viccars,Vickers,Vikers,,,,,,,,,,,,,,,,,,,,,,,,,,,,,,,,,,,,,,,,,,,,,,,,,,,,,,,,,,,,,,,,,,,,,,,,,,,,,,,,,,,,
Vicarson,Vickinston,Vickesen,vickerson,,,,,,,,,,,,,,,,,,,,,,,,,,,,,,,,,,,,,,,,,,,,,,,,,,,,,,,,,,,,,,,,,,,,,,,,,,,,,,,,,,,,,,
Vincent,Vincen,Vyncent,,,,,,,,,,,,,,,,,,,,,,,,,,,,,,,,,,,,,,,,,,,,,,,,,,,,,,,,,,,,,,,,,,,,,,,,,,,,,,,,,,,,,,,
Vint,Vent,Vinte,Vintt,,,,,,,,,,,,,,,,,,,,,,,,,,,,,,,,,,,,,,,,,,,,,,,,,,,,,,,,,,,,,,,,,,,,,,,,,,,,,,,,,,,,,,
Vipond,Veponn,Vepon,Vepond,Veepond,Veapon,Vipon,Veponn,veaping,Veapond,Veepen,Veeping,Veepon,Veipon,Vepan,Vepin,Veping,Vepound,Veppound,Viaping,Viepon,Vipen,Vipend,Vipons,Vipont,Vypond,Weapon,Weeping,,,,,,,,,,,,,,,,,,,,,,,,,,,,,,,,,,,,,,,,,,,,,,,,,,,,,,,,,,,,,,
Vitty,Vetty,Vitie,Vittery,Vittey,Vittie,Vity,,,,,,,,,,,,,,,,,,,,,,,,,,,,,,,,,,,,,,,,,,,,,,,,,,,,,,,,,,,,,,,,,,,,,,,,,,,,,,,,,,,
Waby,Wabie,Wabye,Wabe,Wayby,Waybye,Wabbe,Wabby,Walby,Walbye,walbie,Wauby,Wawby,Wawbye,Waybee,,,,,,,,,,,,,,,,,,,,,,,,,,,,,,,,,,,,,,,,,,,,,,,,,,,,,,,,,,,,,,,,,,,,,,,,,,,
Waddell,Waddle,Wattle,Wawttl,Wadale,Waddel,Weddall,Wedale,Widdell,Wadel,,,,,,,,,,,,,,,,,,,,,,,,,,,,,,,,,,,,,,,,,,,,,,,,,,,,,,,,,,,,,,,,,,,,,,,,,,,,,,,,
Wade,Waid,Wayde,Wayd,Waide,Wad,Wadd,Wead,Weade,Weaid,Wiade,Wyad,Wayde,,,,,,,,,,,,,,,,,,,,,,,,,,,,,,,,,,,,,,,,,,,,,,,,,,,,,,,,,,,,,,,,,,,,,,,,,,,,,
Wadeson,Waidson,,,,,,,,,,,,,,,,,,,,,,,,,,,,,,,,,,,,,,,,,,,,,,,,,,,,,,,,,,,,,,,,,,,,,,,,,,,,,,,,,,,,,,,,
Wadley,Wadlye,Wadlie,Waddley,Wadly,watley,whatley,Wattley,,,,,,,,,,,,,,,,,,,,,,,,,,,,,,,,,,,,,,,,,,,,,,,,,,,,,,,,,,,,,,,,,,,,,,,,,,,,,,,,,,
Wady,Wadye,Waddy,Wadie,Weyda,,,,,,,,,,,,,,,,,,,,,,,,,,,,,,,,,,,,,,,,,,,,,,,,,,,,,,,,,,,,,,,,,,,,,,,,,,,,,,,,,,,,,
Wainman,Waineman,Waimman,Wememan,Weneman,Wayneman,,,,,,,,,,,,,,,,,,,,,,,,,,,,,,,,,,,,,,,,,,,,,,,,,,,,,,,,,,,,,,,,,,,,,,,,,,,,,,,,,,,,
Wainwright,Waynwright,,,,,,,,,,,,,,,,,,,,,,,,,,,,,,,,,,,,,,,,,,,,,,,,,,,,,,,,,,,,,,,,,,,,,,,,,,,,,,,,,,,,,,,,
Wait,Whait,Wayte,Waite,Weight,,,,,,,,,,,,,,,,,,,,,,,,,,,,,,,,,,,,,,,,,,,,,,,,,,,,,,,,,,,,,,,,,,,,,,,,,,,,,,,,,,,,,
Waitman,Wadman,Weightman,Waithman,Wightman,Wetman,Waightman,Wateman,Waythman,Weatman,Weetman,Weigetman,Weighman,Whiteman,Whaitman,Whatman,Wheatman,Wheightman,Whightman,Whitemam,Whitman,,,,,,,,,,,,,,,,,,,,,,,,,,,,,,,,,,,,,,,,,,,,,,,,,,,,,,,,,,,,,,,,,,,,,
Wake,Whake,Whack,Waike,Wacke,Waicke,Waik,Wayke,Whayke,,,,,,,,,,,,,,,,,,,,,,,,,,,,,,,,,,,,,,,,,,,,,,,,,,,,,,,,,,,,,,,,,,,,,,,,,,,,,,,,,
Wake,Wakes,Wacke,Waik,Waike,Wayke,Weacke,Weake,Weke,Whack,Whacke,Whake,Whayke,Wyke,,,,,,,,,,,,,,,,,,,,,,,,,,,,,,,,,,,,,,,,,,,,,,,,,,,,,,,,,,,,,,,,,,,,,,,,,,,,
Wakefield,Waiekfeild,Wakefeild,Wackefeild,Wackeld,Wackfeilde,Wackfield,Wackfielde,Waickefead,Waickefeild,Waickefield,Waickfeild,Waikefeild,Waikefeld,Waitkefeild,Wakefeilde,Wakfeild,Wakfeld,Wakfield,Wankefeild,,,,,,,,,,,,,,,,,,,,,,,,,,,,,,,,,,,,,,,,,,,,,,,,,,,,,,,,,,,,,,,,,,,,,,
Walbank,Wawbank,Wawbanke,walbank,Wabank,Wabankes,Walbanck,Walbancke,Walbanks,Walbanke,Wallbank,Wallbanks,Waubank,Waulbank,Wawbanck,Welbank,Welbanks,Welbanke,Welbankes,Wellbanck,Wellbancke,Wellbank,Wellbanks,,,,,,,,,,,,,,,,,,,,,,,,,,,,,,,,,,,,,,,,,,,,,,,,,,,,,,,,,,,,,,,,,,,
Wales,Waills,Waylls,Wayles,Waels,Wailes,Weales,Wayls,Wheyles,,,,,,,,,,,,,,,,,,,,,,,,,,,,,,,,,,,,,,,,,,,,,,,,,,,,,,,,,,,,,,,,,,,,,,,,,,,,,,,,,
Walker,Wallker,Wawker,Wauker,Waker,Wakers,,,,,,,,,,,,,,,,,,,,,,,,,,,,,,,,,,,,,,,,,,,,,,,,,,,,,,,,,,,,,,,,,,,,,,,,,,,,,,,,,,,,
Walkington,Walkinton,,,,,,,,,,,,,,,,,,,,,,,,,,,,,,,,,,,,,,,,,,,,,,,,,,,,,,,,,,,,,,,,,,,,,,,,,,,,,,,,,,,,,,,,
Wall,Waule,Walle,Woole,Waull,Whall,Wooll,,,,,,,,,,,,,,,,,,,,,,,,,,,,,,,,,,,,,,,,,,,,,,,,,,,,,,,,,,,,,,,,,,,,,,,,,,,,,,,,,,,
Wallace,Walles,Wallis,Wallas,Wallice,Wallers,,,,,,,,,,,,,,,,,,,,,,,,,,,,,,,,,,,,,,,,,,,,,,,,,,,,,,,,,,,,,,,,,,,,,,,,,,,,,,,,,,,,
Waller,Waler,Wallers,Wallor,Wauler,Whaller,Wholah,Woler,Woller,Wooller,Wouller,,,,,,,,,,,,,,,,,,,,,,,,,,,,,,,,,,,,,,,,,,,,,,,,,,,,,,,,,,,,,,,,,,,,,,,,,,,,,,,
Wallison,Warlinson,,,,,,,,,,,,,,,,,,,,,,,,,,,,,,,,,,,,,,,,,,,,,,,,,,,,,,,,,,,,,,,,,,,,,,,,,,,,,,,,,,,,,,,,
Walsh,Walshe,Wallsh,Walche,Welsh,Welse,Welshe,Welch,Weltch,Walch,Wealch,Wealsh,Welche,Wellch,Welleish,Wilch,Wellsh,Welse,Wels,Wesh,Whilshe,Wilsh,,,,,,,,,,,,,,,,,,,,,,,,,,,,,,,,,,,,,,,,,,,,,,,,,,,,,,,,,,,,,,,,,,,,
Walt,Walte,,,,,,,,,,,,,,,,,,,,,,,,,,,,,,,,,,,,,,,,,,,,,,,,,,,,,,,,,,,,,,,,,,,,,,,,,,,,,,,,,,,,,,,,
Walters,Waters,Waltus,Water,Wauter,Watter,walter,Wayters,,,,,,,,,,,,,,,,,,,,,,,,,,,,,,,,,,,,,,,,,,,,,,,,,,,,,,,,,,,,,,,,,,,,,,,,,,,,,,,,,,
Waltham,Walthom,Weltham,Wheltham,,,,,,,,,,,,,,,,,,,,,,,,,,,,,,,,,,,,,,,,,,,,,,,,,,,,,,,,,,,,,,,,,,,,,,,,,,,,,,,,,,,,,,
Walton,Waltonn,Waughton,Wallton,Wawton,Worton,Wauton,Waltonne,Waltone,Waltonne,,,,,,,,,,,,,,,,,,,,,,,,,,,,,,,,,,,,,,,,,,,,,,,,,,,,,,,,,,,,,,,,,,,,,,,,,,,,,,,,
Wan,Wand,Wande,Wawin,Wawen,Wawinge,wawn,Wan,Wann,Warn,Warne,Wanne,Waron,Waun,Waung,Wawan,Wawne,Whan,,,,,,,,,,,,,,,,,,,,,,,,,,,,,,,,,,,,,,,,,,,,,,,,,,,,,,,,,,,,,,,,,,,,,,,,
Wane,Wanne,Wayne,Waine,Wain,Wainn,,,,,,,,,,,,,,,,,,,,,,,,,,,,,,,,,,,,,,,,,,,,,,,,,,,,,,,,,,,,,,,,,,,,,,,,,,,,,,,,,,,,
Wanless,Wanlesse,Wanlis,Wanles,Wandless,Wandles,Wandlese,Wonlse,Wanleis,wanlass,wandlass,Onelass,wonlis,wanlace,wandlace,Walness,Wandlas,Wandleness,Wandlesse,Wandlis,Wandliss,Wandllace,Wandlows,Waneless,Wanlas,Wanlasse,Wanlers,Wanliss,Wanliss,Wanlus,Wannlas,Wannless,Wansless,Warlap,Warlace,Weenless,Whanlasse,Windlas,Windlass,Windless,Winlace,Winlass,Winlasse,Winless,Wonlse,,,,,,,,,,,,,,,,,,,,,,,,,,,,,,,,,,,,,,,,,,,,,
Wannop,Wannap,Wanhope,Wainopp,Wannup,Wannupp,Wanup,Winup,,,,,,,,,,,,,,,,,,,,,,,,,,,,,,,,,,,,,,,,,,,,,,,,,,,,,,,,,,,,,,,,,,,,,,,,,,,,,,,,,,
Warcop,Warkup,Wakcup,Walcup,Warcap,Warchop,Warcopp,Warcup,Warcupp,Warkcup,Warkkup,Warkop,Warkupp,Wauchope,Workup,,,,,,,,,,,,,,,,,,,,,,,,,,,,,,,,,,,,,,,,,,,,,,,,,,,,,,,,,,,,,,,,,,,,,,,,,,,
Ward,Warde,,,,,,,,,,,,,,,,,,,,,,,,,,,,,,,,,,,,,,,,,,,,,,,,,,,,,,,,,,,,,,,,,,,,,,,,,,,,,,,,,,,,,,,,
Wardell,Wardle,Wardall,Wardhawgh,Wardaile,Waderell,Waderell,Wardhowgh,Waudhalle,Walldel,Wardaugh,Wardhaugh,,,,,,,,,,,,,,,,,,,,,,,,,,,,,,,,,,,,,,,,,,,,,,,,,,,,,,,,,,,,,,,,,,,,,,,,,,,,,,
Warden,Wardon,,,,,,,,,,,,,,,,,,,,,,,,,,,,,,,,,,,,,,,,,,,,,,,,,,,,,,,,,,,,,,,,,,,,,,,,,,,,,,,,,,,,,,,,
Wardley,Wardlye,Wairdlie,,,,,,,,,,,,,,,,,,,,,,,,,,,,,,,,,,,,,,,,,,,,,,,,,,,,,,,,,,,,,,,,,,,,,,,,,,,,,,,,,,,,,,,
Wardropper,Warkropper,Wardroppe,Wardroper,Warddropper,Wardopper,Waredroper,Waredropper,Wardrobe,Wardrop,Wardrup,Wardropp,Waderop,Wadlop,Wadripes,Wadrop,Warddrop,Wardop,Wardrobe,Waredrop,,,,,,,,,,,,,,,,,,,,,,,,,,,,,,,,,,,,,,,,,,,,,,,,,,,,,,,,,,,,,,,,,,,,,,
Ware,Wear,Weare,Wayre,Wears,Waire,Warr,Weare,Weares,Weir,Woor,Waer,Weair,Weer,Weere,Weire,Weirs,Were,Wiar,Wier,,,,,,,,,,,,,,,,,,,,,,,,,,,,,,,,,,,,,,,,,,,,,,,,,,,,,,,,,,,,,,,,,,,,,,
Wark,Whark,Warke,Work,,,,,,,,,,,,,,,,,,,,,,,,,,,,,,,,,,,,,,,,,,,,,,,,,,,,,,,,,,,,,,,,,,,,,,,,,,,,,,,,,,,,,,
Warner,Wharner,Warrener,Warraner,Warener,Warriner,Wardener,Wardner,Wariner,Warrenner,Warrinor,Warrner,Warroner,Wharner,,,,,,,,,,,,,,,,,,,,,,,,,,,,,,,,,,,,,,,,,,,,,,,,,,,,,,,,,,,,,,,,,,,,,,,,,,,,
Warrington,Wharingtonn,Wharrinton,Wharrington,,,,,,,,,,,,,,,,,,,,,,,,,,,,,,,,,,,,,,,,,,,,,,,,,,,,,,,,,,,,,,,,,,,,,,,,,,,,,,,,,,,,,,
Wass,Wasse,Wasa,Was,Wase,,,,,,,,,,,,,,,,,,,,,,,,,,,,,,,,,,,,,,,,,,,,,,,,,,,,,,,,,,,,,,,,,,,,,,,,,,,,,,,,,,,,,
Wastell,Waistall,Waistaill,Wastel,Wastill,Waystell,Wastdayle,Waistell,Wastall,waistle,Waisdale,Waistal,Waisteall,Waistel,Waisthal,Waisthall,Waistiel,Waistill,Waistley,Waistoll,Wasdell,Wastal,Wasteall,Wastele,Wastell,Wasterl,Wasthall,Wasthell,Wastle,Wastoll,Waystell,Weastall,Weastel,Weastell,Weastill,Weastle,Westal,Westale,Westall,Westel,Westell,Westhall,Westle,Westol,Westoll,Westole,Westtell,Westwell,Wisdaill,,,,,,,,,,,,,,,,,,,,,,,,,,,,,,,,,,,,,,,,,
Waster,Waister,Wester,Waister,Waster,Waester,Waistar,Waistor,Waistr,Walster,Wayster,Weaster,Weister,Westor,,,,,,,,,,,,,,,,,,,,,,,,,,,,,,,,,,,,,,,,,,,,,,,,,,,,,,,,,,,,,,,,,,,,,,,,,,,,
Wastling,Wastline,Wastly,,,,,,,,,,,,,,,,,,,,,,,,,,,,,,,,,,,,,,,,,,,,,,,,,,,,,,,,,,,,,,,,,,,,,,,,,,,,,,,,,,,,,,,
Waterby,Wattorby,,,,,,,,,,,,,,,,,,,,,,,,,,,,,,,,,,,,,,,,,,,,,,,,,,,,,,,,,,,,,,,,,,,,,,,,,,,,,,,,,,,,,,,,
Waterstone,Watherstone,weatherston,weatherstone,wetherston,Weatherson,Weatherton,Whetherstone,,,,,,,,,,,,,,,,,,,,,,,,,,,,,,,,,,,,,,,,,,,,,,,,,,,,,,,,,,,,,,,,,,,,,,,,,,,,,,,,,,
Watkin,Watkine,Watkyn,Watkyne,watkins,,,,,,,,,,,,,,,,,,,,,,,,,,,,,,,,,,,,,,,,,,,,,,,,,,,,,,,,,,,,,,,,,,,,,,,,,,,,,,,,,,,,,
Waton,Waiting,Watyng,Watyne,Waytinge,Watonn,Waiton,Watin,Waytin,Whatton,Wighton,Weighton,Waitton,Wayton,,,,,,,,,,,,,,,,,,,,,,,,,,,,,,,,,,,,,,,,,,,,,,,,,,,,,,,,,,,,,,,,,,,,,,,,,,,,
Watson,Watsonn,Wattsonn,Watsonne,Wattison,Wattson,Waston,Watsonne,Wattsone,Watsone,Whatson,,,,,,,,,,,,,,,,,,,,,,,,,,,,,,,,,,,,,,,,,,,,,,,,,,,,,,,,,,,,,,,,,,,,,,,,,,,,,,,
Watt,Wate,Wat,Wats,Watte,Watts,,,,,,,,,,,,,,,,,,,,,,,,,,,,,,,,,,,,,,,,,,,,,,,,,,,,,,,,,,,,,,,,,,,,,,,,,,,,,,,,,,,,
Waugh,Waughe,Wawgh,,,,,,,,,,,,,,,,,,,,,,,,,,,,,,,,,,,,,,,,,,,,,,,,,,,,,,,,,,,,,,,,,,,,,,,,,,,,,,,,,,,,,,,
Wayman,Waneman,Wainman,Waiman,Waimman,Waineman,Waman,Waymen,Wayneman,Waynman,Weaman,Wearman,Weighman,Weiman,Wemon,Weyman,Whayman,,,,,,,,,,,,,,,,,,,,,,,,,,,,,,,,,,,,,,,,,,,,,,,,,,,,,,,,,,,,,,,,,,,,,,,,,
Ways,Wayes,Wase,Wey,,,,,,,,,,,,,,,,,,,,,,,,,,,,,,,,,,,,,,,,,,,,,,,,,,,,,,,,,,,,,,,,,,,,,,,,,,,,,,,,,,,,,,
Wealand,Walen,Wallens,Wallings,Wealande,Wealands,Wealans,Wealends,Wealens,Wealin,Wealings,Wealins,Wealland,Weallands,Weallans,Wealleans,Wealleens,Weallens,Weallians,Weallins,Wealons,Weelance,Weeland,Weelands,Weelanns,Weelans,Weelen,Weeling,Weelings,Weellands,Weelons,Weelins,Weilins,Weilliands,Weillings,Welan,Welance,Weland,Welande,Welands,Welannce,Welans,Welens,Welins,Welland,Wellands,Welonde,Weylande,whalen,Whealins,Willins,Wellans,Welleans,Wellens,Wellings,Wellins,Weylands,Whalens,Whealan,Whealans,Whealings,Wheelands,Wheelans,Wheland,Whelands,Whelans,Whellans,Whelleans,Whellings,Whillance,Whillans,Whillians,Whillins,Wielands,Wilans,Wilins,Willan,Willands,Willane,Willans,Willeans,Willen,Willens,Willians,Willing,Willings,Willons,Willyns,Wollens,Wylans
Wearmouth,Warmouth,Warmoth,Warmooth,,,,,,,,,,,,,,,,,,,,,,,,,,,,,,,,,,,,,,,,,,,,,,,,,,,,,,,,,,,,,,,,,,,,,,,,,,,,,,,,,,,,,,
Weatherburn,Watherburn,Weathburn,Weatherborn,Weatherbourn,Weatherbourne,Weatherburne,Wedderborne,Wedderburn,Wedderburns,Weetherburn,Wetherbourn,Wetherbourne,Wetherburn,Wheatherburn,Whetherburn,Wheytherbourne,Widderburn,Wederburn,Wetherborne,Wetherburne,Witherbyrn,,,,,,,,,,,,,,,,,,,,,,,,,,,,,,,,,,,,,,,,,,,,,,,,,,,,,,,,,,,,,,,,,,,,
Weatherhead,Weatherit,Weatheret,Weatheritt,Weatherad,Wethered,Wetherhead,Whitherd,,,,,,,,,,,,,,,,,,,,,,,,,,,,,,,,,,,,,,,,,,,,,,,,,,,,,,,,,,,,,,,,,,,,,,,,,,,,,,,,,,
Webster,Webstar,Webester,Websor,,,,,,,,,,,,,,,,,,,,,,,,,,,,,,,,,,,,,,,,,,,,,,,,,,,,,,,,,,,,,,,,,,,,,,,,,,,,,,,,,,,,,,
Weedy,Wedy,,,,,,,,,,,,,,,,,,,,,,,,,,,,,,,,,,,,,,,,,,,,,,,,,,,,,,,,,,,,,,,,,,,,,,,,,,,,,,,,,,,,,,,,
Weeslet,Weslet,Weetslade,Witslate,,,,,,,,,,,,,,,,,,,,,,,,,,,,,,,,,,,,,,,,,,,,,,,,,,,,,,,,,,,,,,,,,,,,,,,,,,,,,,,,,,,,,,
Weith,Wheithe,,,,,,,,,,,,,,,,,,,,,,,,,,,,,,,,,,,,,,,,,,,,,,,,,,,,,,,,,,,,,,,,,,,,,,,,,,,,,,,,,,,,,,,,
Welburn,Welborne,Wailburn,Walborn,Walbran,Walbrun,Walburn,Wallborn,Wallburn,Wawburne,Welberne,Welborn,Welbourn,Welbourne,Welbron,Welburne,Wellbourn,Wellbourne,Wellburn,Wilborne,Wilburne,Wilborn,Wilbourne,Wilburn,Wilburne,Willbourne,Willburn,Wolburn,Wylbourne,,,,,,,,,,,,,,,,,,,,,,,,,,,,,,,,,,,,,,,,,,,,,,,,,,,,,,,,,,,,,
Welbury,Welberye,Welbery,Welburie,Welburye,Welberie,Welberrie,Welberry,Welbery,Welberye,Welburry,Wellbeary,Wellberrey,Wellberry,Wellbery,Wellbray,Wellbury,Whelberry,Wilberry,Wilborie,Wilbury,Wildbarrow,Willsberry,Wills-Berry,Wilsberry,Wilsbury,,,,,,,,,,,,,,,,,,,,,,,,,,,,,,,,,,,,,,,,,,,,,,,,,,,,,,,,,,,,,,,,
Welby,Welbey,Whelby,,,,,,,,,,,,,,,,,,,,,,,,,,,,,,,,,,,,,,,,,,,,,,,,,,,,,,,,,,,,,,,,,,,,,,,,,,,,,,,,,,,,,,,
Weldon,Wheldon,Welton,Wilton,Wheldonn,Whelton,Whelldon,Welltonn,Wildon,Wildone,Wylton,Whilton,,,,,,,,,,,,,,,,,,,,,,,,,,,,,,,,,,,,,,,,,,,,,,,,,,,,,,,,,,,,,,,,,,,,,,,,,,,,,,
Welford,Walford,Walfat,Weldford,Wallfert,Weilflett,Welfat,Welfett,Welffoot,Welfit,Welfitt,Welfoot,Welfoote,Welforde,Welforth,Welfurt,Welfott,Welfut,Wellfoot,Wellfoote,wellford,Wellfot,Wellfott,Wellfourth,Wellfout,Wellfut,Wellfote,Wilfoot,Wilfoote,Wilfoott,wilford,Wilfotte,Willfett,Willflet,Willfoote,Willforth,Willfoule,Wylfet,Willfoot,Willifoote,Wolfitt,Wolfoord,,,,,,,,,,,,,,,,,,,,,,,,,,,,,,,,,,,,,,,,,,,,,,,,
Wellman,Wellmane,,,,,,,,,,,,,,,,,,,,,,,,,,,,,,,,,,,,,,,,,,,,,,,,,,,,,,,,,,,,,,,,,,,,,,,,,,,,,,,,,,,,,,,,
Wemyss,Wemes,Weames,Weymes,Weemes,weams,,,,,,,,,,,,,,,,,,,,,,,,,,,,,,,,,,,,,,,,,,,,,,,,,,,,,,,,,,,,,,,,,,,,,,,,,,,,,,,,,,,,
West,Weste,Wess,,,,,,,,,,,,,,,,,,,,,,,,,,,,,,,,,,,,,,,,,,,,,,,,,,,,,,,,,,,,,,,,,,,,,,,,,,,,,,,,,,,,,,,
Westhorp,Weastrup,Westerupp,Westhorpe,Westhrop,Westrop,Westropp,Westthorpe,,,,,,,,,,,,,,,,,,,,,,,,,,,,,,,,,,,,,,,,,,,,,,,,,,,,,,,,,,,,,,,,,,,,,,,,,,,,,,,,,,
Westmorland,Westmoreland,,,,,,,,,,,,,,,,,,,,,,,,,,,,,,,,,,,,,,,,,,,,,,,,,,,,,,,,,,,,,,,,,,,,,,,,,,,,,,,,,,,,,,,,
Weston,Weson,,,,,,,,,,,,,,,,,,,,,,,,,,,,,,,,,,,,,,,,,,,,,,,,,,,,,,,,,,,,,,,,,,,,,,,,,,,,,,,,,,,,,,,,
Westwood,Wastwood,Westwad,Westward,Westwayd,Westwod,Westwodd,Westwode,Westworth,,,,,,,,,,,,,,,,,,,,,,,,,,,,,,,,,,,,,,,,,,,,,,,,,,,,,,,,,,,,,,,,,,,,,,,,,,,,,,,,,
Wetherell,Waderell,Watheald,Watherall,Watherell,Watherelt,Watherill,Waytherell,Wearhirel,Weathall,Weadrell,Weathall,Weatherad,Weatheral,Weatherald,Weatherall,Weatheralt,Weatheran,Weathereal,Weatherel,Weathereld,Weatherell,Weatherelt,Weatheren,Weatherhell,Weatherhill,Weatheril,Weatherild,Weatherill,Weatherilt,Weathrald,Weathrell,Weathril,Weathrill,Wedderel,Wedderell,Wedderhelte,Weddorelet,Wederell,Wederill,Wedoral,Wedral,Wedoral,Wedrall,Wedrelt,Wedtheril,Wedtherill,Wegherill,Weherall,Wetheral,Wetherald,Wetherale,Wetherall,Wetherel,Wethereld,Wetherell,Wetherelt,Wetheril,Wetherill,Wetherilt,Wetherll,Wetherlt,Wethrelt,Wetherhil,Wetherhill,Wetherold,Wethirl,Wethrel,Wethrell,Wethrelt,Wheadrel,Wheatherill,Whetherald,Whetherall,Whetherel,Whetherell,Whetherill,Witheral,Witherall,Witherell,Whitheld,,,,,,,,,
Wetherington,Wetherrynton,Wethrington,Weatherington,Wedrington,Whetherington,Widderington,Widdrington,Witherington,Withrington,Widrington,Witherington,Witheryngton,Withington,Withrington,Withrynton,Wotheringstone,Wytherington,Wedrington,,,,,,,,,,,,,,,,,,,,,,,,,,,,,,,,,,,,,,,,,,,,,,,,,,,,,,,,,,,,,,,,,,,,,,,
Wettern,Wetterne,,,,,,,,,,,,,,,,,,,,,,,,,,,,,,,,,,,,,,,,,,,,,,,,,,,,,,,,,,,,,,,,,,,,,,,,,,,,,,,,,,,,,,,,
Whalley,Wally,Wallye,,,,,,,,,,,,,,,,,,,,,,,,,,,,,,,,,,,,,,,,,,,,,,,,,,,,,,,,,,,,,,,,,,,,,,,,,,,,,,,,,,,,,,,
Wharry,Whearye,Wharrye,Wharye,Whary,,,,,,,,,,,,,,,,,,,,,,,,,,,,,,,,,,,,,,,,,,,,,,,,,,,,,,,,,,,,,,,,,,,,,,,,,,,,,,,,,,,,,
Wharton,Whartonn,Wareton,Warton,Wharlton,Whorton,Whortone,Whalrton,Whartonne,Whortonne,Whowdon,Whorden,Whorleton,,,,,,,,,,,,,,,,,,,,,,,,,,,,,,,,,,,,,,,,,,,,,,,,,,,,,,,,,,,,,,,,,,,,,,,,,,,,,
Whawlay,Wharlay,Whawler,Whawley,,,,,,,,,,,,,,,,,,,,,,,,,,,,,,,,,,,,,,,,,,,,,,,,,,,,,,,,,,,,,,,,,,,,,,,,,,,,,,,,,,,,,,
Wheatley,Wheatlie,Wheatleye,Wheitley,Wheatly,Wheatlye,Wheatly,Wheateley,Wheatlay,Whetaley,Wetley,Whetly,Whettly,Weytley,Wheytley,Whetley,Weetlay,Wheetelie,Wheitleye,Whetlie,Whetly,Whetelie,Whitley,Whittley,Whytlye,Whitlie,Whitlaw,Whitlawes,,,,,,,,,,,,,,,,,,,,,,,,,,,,,,,,,,,,,,,,,,,,,,,,,,,,,,,,,,,,,,
Wheeler,Whealey,Whealer,Whealler,,,,,,,,,,,,,,,,,,,,,,,,,,,,,,,,,,,,,,,,,,,,,,,,,,,,,,,,,,,,,,,,,,,,,,,,,,,,,,,,,,,,,,
Whelpdale,,,,,,,,,,,,,,,,,,,,,,,,,,,,,,,,,,,,,,,,,,,,,,,,,,,,,,,,,,,,,,,,,,,,,,,,,,,,,,,,,,,,,,,,,
Whelpden,Wellpden,Whelpdane,Whelpton,Whelpdon,,,,,,,,,,,,,,,,,,,,,,,,,,,,,,,,,,,,,,,,,,,,,,,,,,,,,,,,,,,,,,,,,,,,,,,,,,,,,,,,,,,,,
Whetstone,Whetston,Waystone,Waytstone,,,,,,,,,,,,,,,,,,,,,,,,,,,,,,,,,,,,,,,,,,,,,,,,,,,,,,,,,,,,,,,,,,,,,,,,,,,,,,,,,,,,,,
Whickham,Wycham,wickham,,,,,,,,,,,,,,,,,,,,,,,,,,,,,,,,,,,,,,,,,,,,,,,,,,,,,,,,,,,,,,,,,,,,,,,,,,,,,,,,,,,,,,,
Whinchat,Wynchat,,,,,,,,,,,,,,,,,,,,,,,,,,,,,,,,,,,,,,,,,,,,,,,,,,,,,,,,,,,,,,,,,,,,,,,,,,,,,,,,,,,,,,,,
Whinney,Whynny,,,,,,,,,,,,,,,,,,,,,,,,,,,,,,,,,,,,,,,,,,,,,,,,,,,,,,,,,,,,,,,,,,,,,,,,,,,,,,,,,,,,,,,,
Whipp,Whipe,whip,,,,,,,,,,,,,,,,,,,,,,,,,,,,,,,,,,,,,,,,,,,,,,,,,,,,,,,,,,,,,,,,,,,,,,,,,,,,,,,,,,,,,,,
White,Whyt,Whyte,Whytt,Whit,Whyht,Whitte,Whitt,Whytte,Whight,Whighte,Wight,,,,,,,,,,,,,,,,,,,,,,,,,,,,,,,,,,,,,,,,,,,,,,,,,,,,,,,,,,,,,,,,,,,,,,,,,,,,,,
Whitehead,Whithead,Whithed,Whythed,Whytehead,Whiteheade,Whitherd,Whyghtheade,Whyghthead,Whighthead,Whiteserald,Waythead,Whitead,Whitheade,Whitheed,Whithehead,Whitheld,Whitherd,Whitit,Whittet,Whythead,Whythed,Whiteheede,Whitehed,,,,,,,,,,,,,,,,,,,,,,,,,,,,,,,,,,,,,,,,,,,,,,,,,,,,,,,,,,,,,,,,,,
Whitelamb,Wheatlam,Wetlame,Wheytlame,wetlam,,,,,,,,,,,,,,,,,,,,,,,,,,,,,,,,,,,,,,,,,,,,,,,,,,,,,,,,,,,,,,,,,,,,,,,,,,,,,,,,,,,,,
Whitescales,Whytscall,Whitskails,Whiteskailes,,,,,,,,,,,,,,,,,,,,,,,,,,,,,,,,,,,,,,,,,,,,,,,,,,,,,,,,,,,,,,,,,,,,,,,,,,,,,,,,,,,,,,
Whiteside,Whytsid,Whitside,,,,,,,,,,,,,,,,,,,,,,,,,,,,,,,,,,,,,,,,,,,,,,,,,,,,,,,,,,,,,,,,,,,,,,,,,,,,,,,,,,,,,,,
Whitfield,Whitfeild,Whitfeld,Whitfeeld,Whytfield,Wetfeild,Whitfielde,Wytfeyd,Whytfeyd,Whitfeyld,Whytfeyld,Whytfeld,Wheitfylde,Weytfyld,Whyttfeld,Whytfelld,Whitfeylde,Whitfyld,Whytefeilde,Whitfeald,Whitfealde,Witfield,Whitfeilde,Whitforth,Whitfeld,Whitfelde,Weetfeild,Wheytfld,Wheytfylde,Wheytfyd,Whitefeild,,,,,,,,,,,,,,,,,,,,,,,,,,,,,,,,,,,,,,,,,,,,,,,,,,,,,,,,,,,
Whitlock,Whitlocke,Whyttlake,,,,,,,,,,,,,,,,,,,,,,,,,,,,,,,,,,,,,,,,,,,,,,,,,,,,,,,,,,,,,,,,,,,,,,,,,,,,,,,,,,,,,,,
Whitmore,Whitmor,,,,,,,,,,,,,,,,,,,,,,,,,,,,,,,,,,,,,,,,,,,,,,,,,,,,,,,,,,,,,,,,,,,,,,,,,,,,,,,,,,,,,,,,
Whitsted,Weatsted,,,,,,,,,,,,,,,,,,,,,,,,,,,,,,,,,,,,,,,,,,,,,,,,,,,,,,,,,,,,,,,,,,,,,,,,,,,,,,,,,,,,,,,,
Whitsun,Wittson,,,,,,,,,,,,,,,,,,,,,,,,,,,,,,,,,,,,,,,,,,,,,,,,,,,,,,,,,,,,,,,,,,,,,,,,,,,,,,,,,,,,,,,,
Whittaker,Wheatacars,Whitaker,whitacre,,,,,,,,,,,,,,,,,,,,,,,,,,,,,,,,,,,,,,,,,,,,,,,,,,,,,,,,,,,,,,,,,,,,,,,,,,,,,,,,,,,,,,
Whittance,Whyttings,,,,,,,,,,,,,,,,,,,,,,,,,,,,,,,,,,,,,,,,,,,,,,,,,,,,,,,,,,,,,,,,,,,,,,,,,,,,,,,,,,,,,,,,
Whittingham,Whittinghame,Whitinghame,Whitringham,Whittingame,Whitinghame,Whitingham,Whittyngham,Whittingame,Whyttingham,,,,,,,,,,,,,,,,,,,,,,,,,,,,,,,,,,,,,,,,,,,,,,,,,,,,,,,,,,,,,,,,,,,,,,,,,,,,,,,,
Whittle,Wittels,Whitles,Whittell,Whitll,Whitle,Whittill,Whittels,Vityll,,,,,,,,,,,,,,,,,,,,,,,,,,,,,,,,,,,,,,,,,,,,,,,,,,,,,,,,,,,,,,,,,,,,,,,,,,,,,,,,,
Whitwell,Whitwel,,,,,,,,,,,,,,,,,,,,,,,,,,,,,,,,,,,,,,,,,,,,,,,,,,,,,,,,,,,,,,,,,,,,,,,,,,,,,,,,,,,,,,,,
Whitworth,Wheatwode,Whitworthe,,,,,,,,,,,,,,,,,,,,,,,,,,,,,,,,,,,,,,,,,,,,,,,,,,,,,,,,,,,,,,,,,,,,,,,,,,,,,,,,,,,,,,,
Whymark,Waymark,Waymick,Waymock,Weymock,Wymark,,,,,,,,,,,,,,,,,,,,,,,,,,,,,,,,,,,,,,,,,,,,,,,,,,,,,,,,,,,,,,,,,,,,,,,,,,,,,,,,,,,,
Wickering,Wickeringe,,,,,,,,,,,,,,,,,,,,,,,,,,,,,,,,,,,,,,,,,,,,,,,,,,,,,,,,,,,,,,,,,,,,,,,,,,,,,,,,,,,,,,,,
Widdop,Widip,withup,,,,,,,,,,,,,,,,,,,,,,,,,,,,,,,,,,,,,,,,,,,,,,,,,,,,,,,,,,,,,,,,,,,,,,,,,,,,,,,,,,,,,,,
Widdows,Wadow,Widowe,Wedows,Widdow,Wyddowes,Wyddows,Widdowes,Wedowes,Wedow,Widow,Wido,Wedewes,,,,,,,,,,,,,,,,,,,,,,,,,,,,,,,,,,,,,,,,,,,,,,,,,,,,,,,,,,,,,,,,,,,,,,,,,,,,,
Widdowson,Widdeson,Widdison,,,,,,,,,,,,,,,,,,,,,,,,,,,,,,,,,,,,,,,,,,,,,,,,,,,,,,,,,,,,,,,,,,,,,,,,,,,,,,,,,,,,,,,
Widowfield,Weddefeild,Weddefeilde,Weddowfield,Weddyfeyld,Wedefeild,Wedefield,Wedefyld,Wedifield,Wedowfeild,Wedufeild ,Weedefeild,Weedefield,Weedifield,Weidefeild,Weydefeilde,Weydifeild,Whedefeyld,Widdafield,Widdeefield,Widdefeeld,Widdefeild,Widdenfield,Widderfeild,Widdiefield,Widdifeald,Widdifeild,Widdifeld,Widdifield,Widdifill,Widdofeild,Widdofield,Widdowfeild,Widdowfiealde,Widdowfield,Widdyfeild,Widdyfield,Widefeeld,Widefeild,Widefield ,Widifeild,Widifield,Widofeald,Widofeld,Widowfeild,Widowfeilde,Widowfeld,Wityfield,Woddeefield,Woddifield,Wodefeld,Wodifeild,Wooadifield,Woodafield,Wooddiefield,Wooddiefield,Wooddyfield,Woodefield,Woodfield,Woodiefield,Woodifeald,Woodifeald,woodifield,Woodowfield,Woodyfeild,Woodyfield,Wyddefeild,Wyddefeilde,Wyddyfield,Wyddyfielde,Wydefield,Wydifield,Wydyefield,Wydyfield,Wydyfielde,,,,,,,,,,,,,,,
Wigan,Wiggand,Wiggan,wiggins,,,,,,,,,,,,,,,,,,,,,,,,,,,,,,,,,,,,,,,,,,,,,,,,,,,,,,,,,,,,,,,,,,,,,,,,,,,,,,,,,,,,,,
Wiggam,Wegham,Wigham,Wighame,Wiggame,Wygham,Wyggam,Wighm,Wyggam,Wyggan,Weigham,,,,,,,,,,,,,,,,,,,,,,,,,,,,,,,,,,,,,,,,,,,,,,,,,,,,,,,,,,,,,,,,,,,,,,,,,,,,,,,
Wilcock,Wilkocke,Wylcocke,Wylcock,wilcox,,,,,,,,,,,,,,,,,,,,,,,,,,,,,,,,,,,,,,,,,,,,,,,,,,,,,,,,,,,,,,,,,,,,,,,,,,,,,,,,,,,,,
Wild,Wilde,Wyld,Wylde,,,,,,,,,,,,,,,,,,,,,,,,,,,,,,,,,,,,,,,,,,,,,,,,,,,,,,,,,,,,,,,,,,,,,,,,,,,,,,,,,,,,,,
Wilkin,Wilkyn,,,,,,,,,,,,,,,,,,,,,,,,,,,,,,,,,,,,,,,,,,,,,,,,,,,,,,,,,,,,,,,,,,,,,,,,,,,,,,,,,,,,,,,,
Wilkinson,Wilkinsonn,Wilkisonn,Wilkesonn,Wilkinsone,Wilkenson,Wilkingson,Wilkingsonn,Wilkison,Wilkeson,Wylkynson,Wylkyson,Welkeson,Welkyson,Welkeyson,Wilkyson,Wilkynson,Wylkenson,Wilkinsonne,Wylkinson,Wynknson,Wilkingsone,Wilkyngson,Willkingson,Wikeson,Wylkson,,,,,,,,,,,,,,,,,,,,,,,,,,,,,,,,,,,,,,,,,,,,,,,,,,,,,,,,,,,,,,,,
Willey,Willye,Willie,Willes,Wile,Wille,Will,Wily,Wylie,Willy,Wylly,Willi,Wylley,Wiley,Wilee,Wiles,Wyley,Weely,Willyes,Wyllies,Willies,Wyllie,Wyllye,Wilie,Wilye,Ylay,Ylye,,,,,,,,,,,,,,,,,,,,,,,,,,,,,,,,,,,,,,,,,,,,,,,,,,,,,,,,,,,,,,,
Williams,Wylam,,,,,,,,,,,,,,,,,,,,,,,,,,,,,,,,,,,,,,,,,,,,,,,,,,,,,,,,,,,,,,,,,,,,,,,,,,,,,,,,,,,,,,,,
Williamson,Willmsonn,Willyamson,Wilyamson,Wyllyamson,Willmson,Williahamson,Willymson,Willamson,Willinson,Willinsone,,,,,,,,,,,,,,,,,,,,,,,,,,,,,,,,,,,,,,,,,,,,,,,,,,,,,,,,,,,,,,,,,,,,,,,,,,,,,,,
Willis,Wheelis,Whealys,,,,,,,,,,,,,,,,,,,,,,,,,,,,,,,,,,,,,,,,,,,,,,,,,,,,,,,,,,,,,,,,,,,,,,,,,,,,,,,,,,,,,,,
Willscot,Wyllscott,,,,,,,,,,,,,,,,,,,,,,,,,,,,,,,,,,,,,,,,,,,,,,,,,,,,,,,,,,,,,,,,,,,,,,,,,,,,,,,,,,,,,,,,
Wilson,Wilsonn,Willsonne,Willson,Willsonn,Welson,Wilsone,Wyllson,Wylson,Wilsonne,Willsson,Willsone,Willone,Willison,Willeson,Wyllsone,,,,,,,,,,,,,,,,,,,,,,,,,,,,,,,,,,,,,,,,,,,,,,,,,,,,,,,,,,,,,,,,,,,,,,,,,,
Wincup,Winkup,Whincap,Whincop,Whincup,Winckup,Wincop,Winecup,Winkcup,Winkip,Winkop,Winkrup,,,,,,,,,,,,,,,,,,,,,,,,,,,,,,,,,,,,,,,,,,,,,,,,,,,,,,,,,,,,,,,,,,,,,,,,,,,,,,
Wind,Wynd,Winde,winn,wynn,wynne,,,,,,,,,,,,,,,,,,,,,,,,,,,,,,,,,,,,,,,,,,,,,,,,,,,,,,,,,,,,,,,,,,,,,,,,,,,,,,,,,,,,
Windell,Wyndell,,,,,,,,,,,,,,,,,,,,,,,,,,,,,,,,,,,,,,,,,,,,,,,,,,,,,,,,,,,,,,,,,,,,,,,,,,,,,,,,,,,,,,,,
Windfor,Wyndifar,,,,,,,,,,,,,,,,,,,,,,,,,,,,,,,,,,,,,,,,,,,,,,,,,,,,,,,,,,,,,,,,,,,,,,,,,,,,,,,,,,,,,,,,
Winkman,Winckman,,,,,,,,,,,,,,,,,,,,,,,,,,,,,,,,,,,,,,,,,,,,,,,,,,,,,,,,,,,,,,,,,,,,,,,,,,,,,,,,,,,,,,,,
Winship,Whinshopp,Wynshop,Winchopp,Winsopp,Winshopp,Winshop,Whinship,Winchip,Winchop,Winchope,Winchup,Windship,Wineship,Winshep,Winshepp,Winshipp,Winshippe,Winshope,Winshoppe,Winskip,Winsop,Winsshop,Wintership,Wynchupp,Wynship,,,,,,,,,,,,,,,,,,,,,,,,,,,,,,,,,,,,,,,,,,,,,,,,,,,,,,,,,,,,,,,,
Winspear,Wynespeare,,,,,,,,,,,,,,,,,,,,,,,,,,,,,,,,,,,,,,,,,,,,,,,,,,,,,,,,,,,,,,,,,,,,,,,,,,,,,,,,,,,,,,,,
Winter,Wynter,,,,,,,,,,,,,,,,,,,,,,,,,,,,,,,,,,,,,,,,,,,,,,,,,,,,,,,,,,,,,,,,,,,,,,,,,,,,,,,,,,,,,,,,
Winterburn,Winterbourne,,,,,,,,,,,,,,,,,,,,,,,,,,,,,,,,,,,,,,,,,,,,,,,,,,,,,,,,,,,,,,,,,,,,,,,,,,,,,,,,,,,,,,,,
Winterscale,Winterscall,Winterscalle,Winterscalles,Winterskaile,Winterskailes,Wynterscale,Winterskailes,,,,,,,,,,,,,,,,,,,,,,,,,,,,,,,,,,,,,,,,,,,,,,,,,,,,,,,,,,,,,,,,,,,,,,,,,,,,,,,,,,
Winthorp,Winthorpe,Winthopp,Wintrip,Winterup,Winterhope,Winterip,Winterrip,Winthop,Winthrop,Winthrope,Wintirpeley,Wintrep,Wintrop,Wintrup,Wintup,Wonterup,,,,,,,,,,,,,,,,,,,,,,,,,,,,,,,,,,,,,,,,,,,,,,,,,,,,,,,,,,,,,,,,,,,,,,,,,
Winyard,,,,,,,,,,,,,,,,,,,,,,,,,,,,,,,,,,,,,,,,,,,,,,,,,,,,,,,,,,,,,,,,,,,,,,,,,,,,,,,,,,,,,,,,,
Wiper,Wyper,Wayper,Waypor,Weiper,,,,,,,,,,,,,,,,,,,,,,,,,,,,,,,,,,,,,,,,,,,,,,,,,,,,,,,,,,,,,,,,,,,,,,,,,,,,,,,,,,,,,
Wisdale,Wisdaill,,,,,,,,,,,,,,,,,,,,,,,,,,,,,,,,,,,,,,,,,,,,,,,,,,,,,,,,,,,,,,,,,,,,,,,,,,,,,,,,,,,,,,,,
Wisdom,Wisdome,,,,,,,,,,,,,,,,,,,,,,,,,,,,,,,,,,,,,,,,,,,,,,,,,,,,,,,,,,,,,,,,,,,,,,,,,,,,,,,,,,,,,,,,
Wiseman,Wysmann,Wysman,,,,,,,,,,,,,,,,,,,,,,,,,,,,,,,,,,,,,,,,,,,,,,,,,,,,,,,,,,,,,,,,,,,,,,,,,,,,,,,,,,,,,,,
Wishart,Ushart,,,,,,,,,,,,,,,,,,,,,,,,,,,,,,,,,,,,,,,,,,,,,,,,,,,,,,,,,,,,,,,,,,,,,,,,,,,,,,,,,,,,,,,,
Witham,Whitham,Wetham,Wytham,Whytem,,,,,,,,,,,,,,,,,,,,,,,,,,,,,,,,,,,,,,,,,,,,,,,,,,,,,,,,,,,,,,,,,,,,,,,,,,,,,,,,,,,,,
Wither,Witha,,,,,,,,,,,,,,,,,,,,,,,,,,,,,,,,,,,,,,,,,,,,,,,,,,,,,,,,,,,,,,,,,,,,,,,,,,,,,,,,,,,,,,,,
Witherop,Wotherope,Wotheruppe,Wotherupe,Witheropp,Witherupp,Weatheropp,Wetherop,Wetherup,Whitherupp,Widdrop,Widerip,Widropp,Witherap,Witherup,Withrape,Withrop,Withroup,Woddropp,Woodrop,Wytherop,,,,,,,,,,,,,,,,,,,,,,,,,,,,,,,,,,,,,,,,,,,,,,,,,,,,,,,,,,,,,,,,,,,,,
Witherspoon,Wetherspoon,Wooderspoons,Witherspoons,Wadderspoon,Weatherspoon,Wedderspoon,Widderspoon,Wilderspin,Wooderspoons,Wotherspoon,Wutherspoon,,,,,,,,,,,,,,,,,,,,,,,,,,,,,,,,,,,,,,,,,,,,,,,,,,,,,,,,,,,,,,,,,,,,,,,,,,,,,,
Withey,Witthye,,,,,,,,,,,,,,,,,,,,,,,,,,,,,,,,,,,,,,,,,,,,,,,,,,,,,,,,,,,,,,,,,,,,,,,,,,,,,,,,,,,,,,,,
Witton,Whitton,Whittan,Whitting,,,,,,,,,,,,,,,,,,,,,,,,,,,,,,,,,,,,,,,,,,,,,,,,,,,,,,,,,,,,,,,,,,,,,,,,,,,,,,,,,,,,,,
Wokes,Wowkes,,,,,,,,,,,,,,,,,,,,,,,,,,,,,,,,,,,,,,,,,,,,,,,,,,,,,,,,,,,,,,,,,,,,,,,,,,,,,,,,,,,,,,,,
Wolfe,Woolfe,Wollffe,Wowffe,Wolf,Woofe,Wowffe,Wooffe,woof,,,,,,,,,,,,,,,,,,,,,,,,,,,,,,,,,,,,,,,,,,,,,,,,,,,,,,,,,,,,,,,,,,,,,,,,,,,,,,,,,
Wolfit,Wolfitt,,,,,,,,,,,,,,,,,,,,,,,,,,,,,,,,,,,,,,,,,,,,,,,,,,,,,,,,,,,,,,,,,,,,,,,,,,,,,,,,,,,,,,,,
Wollens,,,,,,,,,,,,,,,,,,,,,,,,,,,,,,,,,,,,,,,,,,,,,,,,,,,,,,,,,,,,,,,,,,,,,,,,,,,,,,,,,,,,,,,,,
Woller,Wooller,Wouller,Wooler,,,,,,,,,,,,,,,,,,,,,,,,,,,,,,,,,,,,,,,,,,,,,,,,,,,,,,,,,,,,,,,,,,,,,,,,,,,,,,,,,,,,,,
Womprey,Womprye,,,,,,,,,,,,,,,,,,,,,,,,,,,,,,,,,,,,,,,,,,,,,,,,,,,,,,,,,,,,,,,,,,,,,,,,,,,,,,,,,,,,,,,,
Wood,Woode,Wod,Wodd,Wode,Woodes,Woods,Woodde,Wodde,Woodd,,,,,,,,,,,,,,,,,,,,,,,,,,,,,,,,,,,,,,,,,,,,,,,,,,,,,,,,,,,,,,,,,,,,,,,,,,,,,,,,
Woodall,Wodayle,Woodll,,,,,,,,,,,,,,,,,,,,,,,,,,,,,,,,,,,,,,,,,,,,,,,,,,,,,,,,,,,,,,,,,,,,,,,,,,,,,,,,,,,,,,,
Woodcock,Wodcocke,,,,,,,,,,,,,,,,,,,,,,,,,,,,,,,,,,,,,,,,,,,,,,,,,,,,,,,,,,,,,,,,,,,,,,,,,,,,,,,,,,,,,,,,
Woodfall,Wodfall,,,,,,,,,,,,,,,,,,,,,,,,,,,,,,,,,,,,,,,,,,,,,,,,,,,,,,,,,,,,,,,,,,,,,,,,,,,,,,,,,,,,,,,,
Woodman,Wodyman,,,,,,,,,,,,,,,,,,,,,,,,,,,,,,,,,,,,,,,,,,,,,,,,,,,,,,,,,,,,,,,,,,,,,,,,,,,,,,,,,,,,,,,,
Woodmass,Woodmast,Woodmas,Woodmes,Woodmasse,Woodmosse,,,,,,,,,,,,,,,,,,,,,,,,,,,,,,,,,,,,,,,,,,,,,,,,,,,,,,,,,,,,,,,,,,,,,,,,,,,,,,,,,,,,
Woodroff,Woodroffe,Widroffe,Wodroff,Widdroff,Woodrofe,Wydroff,Wadroff,Woodriff,Woodrowe,Woodryffe,Woodrove,Woodrof,Woodrop,Wooddropp,,,,,,,,,,,,,,,,,,,,,,,,,,,,,,,,,,,,,,,,,,,,,,,,,,,,,,,,,,,,,,,,,,,,,,,,,,,
Worm,Worems,Worme,,,,,,,,,,,,,,,,,,,,,,,,,,,,,,,,,,,,,,,,,,,,,,,,,,,,,,,,,,,,,,,,,,,,,,,,,,,,,,,,,,,,,,,
Worsell,worsall,,,,,,,,,,,,,,,,,,,,,,,,,,,,,,,,,,,,,,,,,,,,,,,,,,,,,,,,,,,,,,,,,,,,,,,,,,,,,,,,,,,,,,,,
Worthy,Wordie,Worthie,Worthe,Worth,Worthye,Wawdie,,,,,,,,,,,,,,,,,,,,,,,,,,,,,,,,,,,,,,,,,,,,,,,,,,,,,,,,,,,,,,,,,,,,,,,,,,,,,,,,,,,
Wraithman,Rathman,Rothman,Wrathman,Wrethman,,,,,,,,,,,,,,,,,,,,,,,,,,,,,,,,,,,,,,,,,,,,,,,,,,,,,,,,,,,,,,,,,,,,,,,,,,,,,,,,,,,,,
Wrangham,Wrangam,,,,,,,,,,,,,,,,,,,,,,,,,,,,,,,,,,,,,,,,,,,,,,,,,,,,,,,,,,,,,,,,,,,,,,,,,,,,,,,,,,,,,,,,
Wrathall,Wrathel,Wrothall,Rothwell,,,,,,,,,,,,,,,,,,,,,,,,,,,,,,,,,,,,,,,,,,,,,,,,,,,,,,,,,,,,,,,,,,,,,,,,,,,,,,,,,,,,,,
Wrathmall,Rathmall,Wrathnall,Rodmall,Rodmell,,,,,,,,,,,,,,,,,,,,,,,,,,,,,,,,,,,,,,,,,,,,,,,,,,,,,,,,,,,,,,,,,,,,,,,,,,,,,,,,,,,,,
Wreathson,Wreathstone,,,,,,,,,,,,,,,,,,,,,,,,,,,,,,,,,,,,,,,,,,,,,,,,,,,,,,,,,,,,,,,,,,,,,,,,,,,,,,,,,,,,,,,,
Wren,Wrene,Wrenn,Wreene,Wrine,Wrenne,renn,,,,,,,,,,,,,,,,,,,,,,,,,,,,,,,,,,,,,,,,,,,,,,,,,,,,,,,,,,,,,,,,,,,,,,,,,,,,,,,,,,,
Wrigglesworth,Rigglesworth,Ricklesworth,Rightsworth,Riglesworth,Wrigelsworth,Wregglesworth,Wreglesworth,Wriglesworth,,,,,,,,,,,,,,,,,,,,,,,,,,,,,,,,,,,,,,,,,,,,,,,,,,,,,,,,,,,,,,,,,,,,,,,,,,,,,,,,,
Wigglesworth,,,,,,,,,,,,,,,,,,,,,,,,,,,,,,,,,,,,,,,,,,,,,,,,,,,,,,,,,,,,,,,,,,,,,,,,,,,,,,,,,,,,,,,,,
Wright,Wrighte,Wryght,Wrighte,Wreght,Wryrght,Wrygt,Wryhte,Writ,Write,Wryte,Wrieght,,,,,,,,,,,,,,,,,,,,,,,,,,,,,,,,,,,,,,,,,,,,,,,,,,,,,,,,,,,,,,,,,,,,,,,,,,,,,,
Wrighton,Righton,Ryton,Wreyton,,,,,,,,,,,,,,,,,,,,,,,,,,,,,,,,,,,,,,,,,,,,,,,,,,,,,,,,,,,,,,,,,,,,,,,,,,,,,,,,,,,,,,
Wrightman,Wryghtman,rightman,,,,,,,,,,,,,,,,,,,,,,,,,,,,,,,,,,,,,,,,,,,,,,,,,,,,,,,,,,,,,,,,,,,,,,,,,,,,,,,,,,,,,,,
Writer,Wryter,Wryten,,,,,,,,,,,,,,,,,,,,,,,,,,,,,,,,,,,,,,,,,,,,,,,,,,,,,,,,,,,,,,,,,,,,,,,,,,,,,,,,,,,,,,,
Wyat,Wyett,wyatt,,,,,,,,,,,,,,,,,,,,,,,,,,,,,,,,,,,,,,,,,,,,,,,,,,,,,,,,,,,,,,,,,,,,,,,,,,,,,,,,,,,,,,,
Wycliffe,Wickelife,Wickelyfe,Wickliffe,Whicliff,Wicliffe,Wyclif,Wyclyff,Wickeclif,Wickcliffe,Wickcliff,Wickclif,,,,,,,,,,,,,,,,,,,,,,,,,,,,,,,,,,,,,,,,,,,,,,,,,,,,,,,,,,,,,,,,,,,,,,,,,,,,,,
Wyvill,Wyvell,Wivell,Wyvell,,,,,,,,,,,,,,,,,,,,,,,,,,,,,,,,,,,,,,,,,,,,,,,,,,,,,,,,,,,,,,,,,,,,,,,,,,,,,,,,,,,,,,
Yallop,Yellup,Yellop,Yerlop,Yollop,,,,,,,,,,,,,,,,,,,,,,,,,,,,,,,,,,,,,,,,,,,,,,,,,,,,,,,,,,,,,,,,,,,,,,,,,,,,,,,,,,,,,
Yarker,Yearker,,,,,,,,,,,,,,,,,,,,,,,,,,,,,,,,,,,,,,,,,,,,,,,,,,,,,,,,,,,,,,,,,,,,,,,,,,,,,,,,,,,,,,,,
Yarrow,Yerrowe,,,,,,,,,,,,,,,,,,,,,,,,,,,,,,,,,,,,,,,,,,,,,,,,,,,,,,,,,,,,,,,,,,,,,,,,,,,,,,,,,,,,,,,,
Yates,Yeats,Yatts,Yats,yetts,,,,,,,,,,,,,,,,,,,,,,,,,,,,,,,,,,,,,,,,,,,,,,,,,,,,,,,,,,,,,,,,,,,,,,,,,,,,,,,,,,,,,
Yelder,Yeldar,Yeilder,Yelder,Yeelders,Yelders,Yeilders,Yellder,yielder,yeldart,,,,,,,,,,,,,,,,,,,,,,,,,,,,,,,,,,,,,,,,,,,,,,,,,,,,,,,,,,,,,,,,,,,,,,,,,,,,,,,,
Yellowley,Yellowlee,Yelloley,Alleley,Yallalee,Yallaley,Yallaly,Yallee,Yallely,Yallerlley,Yallilee,Yallolee,Yallow,Yallowley,Yallowly,Yallyle,Yaloley,Yalowlie,Yeallowley,Yealoley,Yellaley,Yellelay,Yellelow,Yellely,Yelliley,Yelloey,Yellole,Yellole,Yelloley,Yelloly,Yellowely,Yellowlee,Yellowlees,Yellowlie,Yellowly,Yellowye,Yeolloly,Yeollowlie,,,,,,,,,,,,,,,,,,,,,,,,,,,,,,,,,,,,,,,,,,,,,,,,,,,,
Yeoman,Yoman,Yeaman,,,,,,,,,,,,,,,,,,,,,,,,,,,,,,,,,,,,,,,,,,,,,,,,,,,,,,,,,,,,,,,,,,,,,,,,,,,,,,,,,,,,,,,
York,Yorke,,,,,,,,,,,,,,,,,,,,,,,,,,,,,,,,,,,,,,,,,,,,,,,,,,,,,,,,,,,,,,,,,,,,,,,,,,,,,,,,,,,,,,,,
Youle,Yowll,Yewell,Yull,Yowell,Yoll,Yool,Yole,Yoell,Youll,Yoole,,,,,,,,,,,,,,,,,,,,,,,,,,,,,,,,,,,,,,,,,,,,,,,,,,,,,,,,,,,,,,,,,,,,,,,,,,,,,,,
Young,Yonge,Yong,Younge,Yownge,Yoong,Yoonge,,,,,,,,,,,,,,,,,,,,,,,,,,,,,,,,,,,,,,,,,,,,,,,,,,,,,,,,,,,,,,,,,,,,,,,,,,,,,,,,,,,
Younger,Yonger,Yongher,Yownger,Yeonger,Yeunger,Youger,,,,,,,,,,,,,,,,,,,,,,,,,,,,,,,,,,,,,,,,,,,,,,,,,,,,,,,,,,,,,,,,,,,,,,,,,,,,,,,,,,,
Yout,Youte,Yowte,,,,,,,,,,,,,,,,,,,,,,,,,,,,,,,,,,,,,,,,,,,,,,,,,,,,,,,,,,,,,,,,,,,,,,,,,,,,,,,,,,,,,,,
Youton,Yowtan,Yowton,,,,,,,,,,,,,,,,,,,,,,,,,,,,,,,,,,,,,,,,,,,,,,,,,,,,,,,,,,,,,,,,,,,,,,,,,,,,,,,,,,,,,,,
