Ibbotson,Ibbitson,Ebbison,Ebbleson,Ebbyson,Ebeson,Ebison,Ebyson,Abbotson,Ebbitson,Herbertson,Hibson,Ibbison,Ibbartson,Ibbertson,Ibbeson,Ibbethson,Ibbetson,Ibbingson,Ibbinson,Ibbins,Ibbyson,Iberson,Ibeson,Ibetson,Ibinson,Ibison,Ibitson,Ibotson,Ibottson,Ibsen,Ipsen,,,,,,,,,,,,,,,,,,,,,,,,,,,
Iley,Ile,Ilee,Iley,Ilie,Ily,Ilye,Ellay,Ellaye,eilley,Aeiley,Ailey,Ailly,Ayley,Ealey,Eiley,Eilly,Eily,Eley,Eli,Elie,Elly,Ely,Eyely,Eyle,Eyley,Eylie,Hiley,Hiley,Ilay,Ilely,Ille,Illey,Illie,Isely,Islay,Isle,Islely,Isley,Islie,Islie,Islley,Isly,Ylay,Ylye,,,,,,,,,,,,,,
Iles,Isles,Eiles,Eilles,Eyles,,,,,,,,,,,,,,,,,,,,,,,,,,,,,,,,,,,,,,,,,,,,,,,,,,,,,,
Ingleby,Inglebey,Inglebee,Engelbie,engleby,,,,,,,,,,,,,,,,,,,,,,,,,,,,,,,,,,,,,,,,,,,,,,,,,,,,,,
Ingleden,Engledon,,,,,,,,,,,,,,,,,,,,,,,,,,,,,,,,,,,,,,,,,,,,,,,,,,,,,,,,,
Ingledew,Ingledewe,Engledew,Ingeldew,,,,,,,,,,,,,,,,,,,,,,,,,,,,,,,,,,,,,,,,,,,,,,,,,,,,,,,
Ingram,Ingeram,Engram,ingraham,,,,,,,,,,,,,,,,,,,,,,,,,,,,,,,,,,,,,,,,,,,,,,,,,,,,,,,
Inskip,Inskepe,Inskepp,,,,,,,,,,,,,,,,,,,,,,,,,,,,,,,,,,,,,,,,,,,,,,,,,,,,,,,,
Ions,Eyons,,,,,,,,,,,,,,,,,,,,,,,,,,,,,,,,,,,,,,,,,,,,,,,,,,,,,,,,,
Ironside,Ironsyde,Irinside,,,,,,,,,,,,,,,,,,,,,,,,,,,,,,,,,,,,,,,,,,,,,,,,,,,,,,,,
Irvine,Irwin,Irwing,Irving,Irvin,Irwan,Erwin,Erven,Ervin,Erinn,Erving,Erwen,Erwine,Ervine,Erewanne,Uerwin,Urwing,Urwin,Urvin,Urvaine,Urven,Urvine,Urving,Urwan,Orwan,Orwen,Orwin,Orwind,Urwen,Urwinn,,,,,,,,,,,,,,,,,,,,,,,,,,,,,
Isaac,Ysaac,,,,,,,,,,,,,,,,,,,,,,,,,,,,,,,,,,,,,,,,,,,,,,,,,,,,,,,,,
Itham,Ithame,,,,,,,,,,,,,,,,,,,,,,,,,,,,,,,,,,,,,,,,,,,,,,,,,,,,,,,,,
Iveson,Ivison,Ivesonn,Ibison,Avison,Evison,Eveson,Ivason,Iverson,Iveston,Ivinson,Iviston,Ivonstone,Ivyson,Ivystone,Hiveson,,,,,,,,,,,,,,,,,,,,,,,,,,,,,,,,,,,,,,,,,,,
Ivis,Ives,,,,,,,,,,,,,,,,,,,,,,,,,,,,,,,,,,,,,,,,,,,,,,,,,,,,,,,,,
Jackson,Jacksone,Jacksonn,Jacksonne,Jacson,Jacsone,Jackeson,Jakson,Jackesone,Jackesonn,Jaceson,Jakensonne,Jaxsonn,,,,,,,,,,,,,,,,,,,,,,,,,,,,,,,,,,,,,,,,,,,,,,
Jacques,Jakes,Jayks,Jacks,jaques,,,,,,,,,,,,,,,,,,,,,,,,,,,,,,,,,,,,,,,,,,,,,,,,,,,,,,
Jademan,Jeidman,,,,,,,,,,,,,,,,,,,,,,,,,,,,,,,,,,,,,,,,,,,,,,,,,,,,,,,,,
James,Jaimes,,,,,,,,,,,,,,,,,,,,,,,,,,,,,,,,,,,,,,,,,,,,,,,,,,,,,,,,,
Jameson,Jamesonne,Jamesson,Jamessonn,Jametson,Jamsom,Jamson,Janessonne,jammison,jemmison,Gameson,Jamayson,Jamieson,Jamison,Jemison,,,,,,,,,,,,,,,,,,,,,,,,,,,,,,,,,,,,,,,,,,,,
Jane,Janne,Janyge,Jeneyg,,,,,,,,,,,,,,,,,,,,,,,,,,,,,,,,,,,,,,,,,,,,,,,,,,,,,,,
Jarret,Jarat,garrett,,,,,,,,,,,,,,,,,,,,,,,,,,,,,,,,,,,,,,,,,,,,,,,,,,,,,,,,
Jarrow,Jarowe,Jerrowe,Jarra,yarrow,,,,,,,,,,,,,,,,,,,,,,,,,,,,,,,,,,,,,,,,,,,,,,,,,,,,,,
Jarry,Jarre,Jarr,,,,,,,,,,,,,,,,,,,,,,,,,,,,,,,,,,,,,,,,,,,,,,,,,,,,,,,,
Jarvis,Jarvice,Jervace,Jervice,Jervis,Gervis,Gervice,gervais,Gervace,Gervas,Gervice,Jervus,Garves,Jarvas,Jarves,Jarviss,Jarwis,Javis,Jervas,Jerviss,,,,,,,,,,,,,,,,,,,,,,,,,,,,,,,,,,,,,,,
jarvin,garvin,jarvine,Jervan,,,,,,,,,,,,,,,,,,,,,,,,,,,,,,,,,,,,,,,,,,,,,,,,,,,,,,,
Jefferson,Jefarson,Jeferson,Jeffarson,Jeffrason,Jeffrayson,Jeffreson,Jeffreyson,Jefardson,Jefordson,Jifferson,Gefarson,Geferson,Gefferson,Geffarson,Geffason,Gefordson,Gifferson,,,,,,,,,,,,,,,,,,,,,,,,,,,,,,,,,,,,,,,,,
Jekyll,Jeckell,Jeckle,Jickell,,,,,,,,,,,,,,,,,,,,,,,,,,,,,,,,,,,,,,,,,,,,,,,,,,,,,,,
Jenkes,jenks,,,,,,,,,,,,,,,,,,,,,,,,,,,,,,,,,,,,,,,,,,,,,,,,,,,,,,,,,
Jenkinson,Jenkynson,,,,,,,,,,,,,,,,,,,,,,,,,,,,,,,,,,,,,,,,,,,,,,,,,,,,,,,,,
Jenner,genner,,,,,,,,,,,,,,,,,,,,,,,,,,,,,,,,,,,,,,,,,,,,,,,,,,,,,,,,,
Jennings,Jenyng,Jeneng,Jennan,Genning,Genhyng,Genyng,,,,,,,,,,,,,,,,,,,,,,,,,,,,,,,,,,,,,,,,,,,,,,,,,,,,
Jennison,Jennyson,Jenison,Jeneson,Genison,Genisone,Gennison,,,,,,,,,,,,,,,,,,,,,,,,,,,,,,,,,,,,,,,,,,,,,,,,,,,,
Jewitt,Jewit,,,,,,,,,,,,,,,,,,,,,,,,,,,,,,,,,,,,,,,,,,,,,,,,,,,,,,,,,
Jobber,Jobberd,Jobher,,,,,,,,,,,,,,,,,,,,,,,,,,,,,,,,,,,,,,,,,,,,,,,,,,,,,,,,
Jobling,Joblinge,Joblin,Joblyn,Joblyne,Joblynge,Jopling,Joplinge,Joplin,Jopline,Joplyn,Joplyne,Choblyng,Choblynge,Choplynge,choplin,Gublion,Gublin,,,,,,,,,,,,,,,,,,,,,,,,,,,,,,,,,,,,,,,,,
Jewson,Chewson,,,,,,,,,,,,,,,,,,,,,,,,,,,,,,,,,,,,,,,,,,,,,,,,,,,,,,,,,
Jobson,Jobsonn,,,,,,,,,,,,,,,,,,,,,,,,,,,,,,,,,,,,,,,,,,,,,,,,,,,,,,,,,
Joby,Jobye,Jobie,jobey,jobe,,,,,,,,,,,,,,,,,,,,,,,,,,,,,,,,,,,,,,,,,,,,,,,,,,,,,,
John,Johns,Johnes,,,,,,,,,,,,,,,,,,,,,,,,,,,,,,,,,,,,,,,,,,,,,,,,,,,,,,,,
Johnson,Johnsone,Johnsonn,Johnsonne,Johneson,Johnesone,Johnnesone,Jonson,Jonsonn,Jhonson,johnston,johnstone,,,,,,,,,,,,,,,,,,,,,,,,,,,,,,,,,,,,,,,,,,,,,,,
Jolley,Jollie,Jolly,Jollye,Joly,Joyllye,Joylye,,,,,,,,,,,,,,,,,,,,,,,,,,,,,,,,,,,,,,,,,,,,,,,,,,,,
Jordan,Jordane,Jorden,Jordens,Jurdan,Jurden,,,,,,,,,,,,,,,,,,,,,,,,,,,,,,,,,,,,,,,,,,,,,,,,,,,,,
Jordison,Jurdeson,Jurdison,Jordeson,Jordyson,Jourdison,,,,,,,,,,,,,,,,,,,,,,,,,,,,,,,,,,,,,,,,,,,,,,,,,,,,,
Joyce,Goyse,Jowsey,Joycye,Jocye,Jocide,jowcey,jousey,joucey,joicey,joycey,Joicy,Jocey,Joice,Joisce,Joisey,Joncey,Josce,Joseay,Josey,Josie,Josy,Jouyce,Jowcy,Jowsee,Joycie,Joycy,Joyisey,Joysey,Joysie,,,,,,,,,,,,,,,,,,,,,,,,,,,,,
Joyner,joiner,,,,,,,,,,,,,,,,,,,,,,,,,,,,,,,,,,,,,,,,,,,,,,,,,,,,,,,,,
Judson,Judsonn,,,,,,,,,,,,,,,,,,,,,,,,,,,,,,,,,,,,,,,,,,,,,,,,,,,,,,,,,
Juster,Justher,,,,,,,,,,,,,,,,,,,,,,,,,,,,,,,,,,,,,,,,,,,,,,,,,,,,,,,,,
Justice,Justisse,Justesse,Justic,,,,,,,,,,,,,,,,,,,,,,,,,,,,,,,,,,,,,,,,,,,,,,,,,,,,,,,
Kay,Kaye,Kaie,Cay,Caye,Key,Keye,Kye,Quee,quay,quey,Quy,,,,,,,,,,,,,,,,,,,,,,,,,,,,,,,,,,,,,,,,,,,,,,,
Kearsley,Cairslay,Cairsly,Cairslaie,Cairsley,carsley,,,,,,,,,,,,,,,,,,,,,,,,,,,,,,,,,,,,,,,,,,,,,,,,,,,,,
Kepper,Cepper,,,,,,,,,,,,,,,,,,,,,,,,,,,,,,,,,,,,,,,,,,,,,,,,,,,,,,,,,
Kearston,Kearstone,Kearstonn,Keerston,Keirstonn,Keirston,Kerston,Kierston,Kierstone,Kierstonn,Keyrston,Kyerston,Kirston,Kirstonn,Kerstone,,,,,,,,,,,,,,,,,,,,,,,,,,,,,,,,,,,,,,,,,,,,
Keel,Keelle,,,,,,,,,,,,,,,,,,,,,,,,,,,,,,,,,,,,,,,,,,,,,,,,,,,,,,,,,
Keighley,Ketheley,Kethelory,Kethly,Keythley,,,,,,,,,,,,,,,,,,,,,,,,,,,,,,,,,,,,,,,,,,,,,,,,,,,,,,
Keith,Keeth,,,,,,,,,,,,,,,,,,,,,,,,,,,,,,,,,,,,,,,,,,,,,,,,,,,,,,,,,
Kelly,kelley,,,,,,,,,,,,,,,,,,,,,,,,,,,,,,,,,,,,,,,,,,,,,,,,,,,,,,,,,
Kelsey,Kelsay,Kelsaye,,,,,,,,,,,,,,,,,,,,,,,,,,,,,,,,,,,,,,,,,,,,,,,,,,,,,,,,
Kelway,Kelwaye,,,,,,,,,,,,,,,,,,,,,,,,,,,,,,,,,,,,,,,,,,,,,,,,,,,,,,,,,
Kemp,Kempe,,,,,,,,,,,,,,,,,,,,,,,,,,,,,,,,,,,,,,,,,,,,,,,,,,,,,,,,,
Kendal,Kendale,Kendall,Kendell,,,,,,,,,,,,,,,,,,,,,,,,,,,,,,,,,,,,,,,,,,,,,,,,,,,,,,,
Kendalson,Kyendellson,,,,,,,,,,,,,,,,,,,,,,,,,,,,,,,,,,,,,,,,,,,,,,,,,,,,,,,,,
Kendrew,Kendrow,,,,,,,,,,,,,,,,,,,,,,,,,,,,,,,,,,,,,,,,,,,,,,,,,,,,,,,,,
Kennedy,Knadye,Kenaty,Kenatye,Kennatey,Kenatie,Kenate,,,,,,,,,,,,,,,,,,,,,,,,,,,,,,,,,,,,,,,,,,,,,,,,,,,,
Kenny,Kennye,,,,,,,,,,,,,,,,,,,,,,,,,,,,,,,,,,,,,,,,,,,,,,,,,,,,,,,,,
Kerswell,Kirswell,carswell,,,,,,,,,,,,,,,,,,,,,,,,,,,,,,,,,,,,,,,,,,,,,,,,,,,,,,,,
Ketley,Ketlayes,,,,,,,,,,,,,,,,,,,,,,,,,,,,,,,,,,,,,,,,,,,,,,,,,,,,,,,,,
Kettlewell,Ketlewell,,,,,,,,,,,,,,,,,,,,,,,,,,,,,,,,,,,,,,,,,,,,,,,,,,,,,,,,,
Kick,Kike,,,,,,,,,,,,,,,,,,,,,,,,,,,,,,,,,,,,,,,,,,,,,,,,,,,,,,,,,
Kidd,Kydd,,,,,,,,,,,,,,,,,,,,,,,,,,,,,,,,,,,,,,,,,,,,,,,,,,,,,,,,,
Kiddell,Kidall,Kyddall,,,,,,,,,,,,,,,,,,,,,,,,,,,,,,,,,,,,,,,,,,,,,,,,,,,,,,,,
Kidder,Kiddar,,,,,,,,,,,,,,,,,,,,,,,,,,,,,,,,,,,,,,,,,,,,,,,,,,,,,,,,,
Kidding,Kiddinge,,,,,,,,,,,,,,,,,,,,,,,,,,,,,,,,,,,,,,,,,,,,,,,,,,,,,,,,,
Kidgell,Kydgell,,,,,,,,,,,,,,,,,,,,,,,,,,,,,,,,,,,,,,,,,,,,,,,,,,,,,,,,,
Kidson,Kidsonne,kitson,,,,,,,,,,,,,,,,,,,,,,,,,,,,,,,,,,,,,,,,,,,,,,,,,,,,,,,,
Kilburn,Kilburne,Kilborne,Kilbourne,Kiborn,,,,,,,,,,,,,,,,,,,,,,,,,,,,,,,,,,,,,,,,,,,,,,,,,,,,,,
Kildale,Kelldell,,,,,,,,,,,,,,,,,,,,,,,,,,,,,,,,,,,,,,,,,,,,,,,,,,,,,,,,,
Killerby,Killerbye,Killerbie,Kyllerbye,,,,,,,,,,,,,,,,,,,,,,,,,,,,,,,,,,,,,,,,,,,,,,,,,,,,,,,
Killinghall,Killingall,Kyllingall,,,,,,,,,,,,,,,,,,,,,,,,,,,,,,,,,,,,,,,,,,,,,,,,,,,,,,,,
Kilmorey,Kelmerie,,,,,,,,,,,,,,,,,,,,,,,,,,,,,,,,,,,,,,,,,,,,,,,,,,,,,,,,,
Kindleyside,Kinelysid,Kenelyside,Kenesyde,Kenlasyd,Kyndlesyde,Kyndlyesyde,keenleyside,keenlyside,Kindleysides,Keanleside,Keanlyside,Keelyside,Keeneside,Keenlaside,Keenlayside,Keenleside,Keenleysides,Keenlieside,Keenliside,Keenlisides,Keenlysides,Keinlaside,Keinlesid,Keinleside,Kenelesyde,Keneliside,Kenesyd,Kenlieside,Kenliside,Kenlysid,Kenlyside,Kennleyside,Killingside,Killinside,Kindellside,Kindeside,Kindleside,Kindlesyde,Kindleysides,Kindlysides,Kinglesyd,Kinglingside,Kingliside,Kinglysyd,Kinlasydes,Kinlasydes,Kinlayside,Kinleeside,Kinleside,Kinlesides,Kinleyside,Kinlinside,Kinliside,Kinlisides,Kinlyside,Kyndlyesyde,Kynliside,Kynlysyd
Kindling,Kindlinge,Kenelinge,,,,,,,,,,,,,,,,,,,,,,,,,,,,,,,,,,,,,,,,,,,,,,,,,,,,,,,,
King,Kinge,Kynge,,,,,,,,,,,,,,,,,,,,,,,,,,,,,,,,,,,,,,,,,,,,,,,,,,,,,,,,
Kingsmill,Kingesmell,,,,,,,,,,,,,,,,,,,,,,,,,,,,,,,,,,,,,,,,,,,,,,,,,,,,,,,,,
Kingson,Kyngson,Kingston,Kingstone,,,,,,,,,,,,,,,,,,,,,,,,,,,,,,,,,,,,,,,,,,,,,,,,,,,,,,,
Kington,Kinghton,,,,,,,,,,,,,,,,,,,,,,,,,,,,,,,,,,,,,,,,,,,,,,,,,,,,,,,,,
Kinlay,Kynlay,,,,,,,,,,,,,,,,,,,,,,,,,,,,,,,,,,,,,,,,,,,,,,,,,,,,,,,,,
Kipling,Kiplinge,Kyplyng,Cipeling,Cipling,Keplin,Kepling,Keppling,Kibblen,Kiblin,Kiplen,Kipley,Kiplin,Kipplen,Kippling,Kyplin,Kypling,Kyplyn,,,,,,,,,,,,,,,,,,,,,,,,,,,,,,,,,,,,,,,,,
Kipping,Kippan,Kippen,Kippon,,,,,,,,,,,,,,,,,,,,,,,,,,,,,,,,,,,,,,,,,,,,,,,,,,,,,,,
Kipson,Cipson,,,,,,,,,,,,,,,,,,,,,,,,,,,,,,,,,,,,,,,,,,,,,,,,,,,,,,,,,
Kirkby,Kirkbie,Kirkbe,Kirkebey,Kirckbey,Kirckby,Kirckbye,Kyerkeby,,,,,,,,,,,,,,,,,,,,,,,,,,,,,,,,,,,,,,,,,,,,,,,,,,,
Kirby,curby,Corby,Corbye,Corbey,Corbie,Curbe,Curbee,Curbey,Curbie,Kurby,,,,,,,,,,,,,,,,,,,,,,,,,,,,,,,,,,,,,,,,,,,,,,,,
Kirkham,Kyrkham,,,,,,,,,,,,,,,,,,,,,,,,,,,,,,,,,,,,,,,,,,,,,,,,,,,,,,,,,
Kirkhouse,Kirkehouse,Kirckhouse,Kirckas,Kirkas,Kirkes,Circks,kirkus,,,,,,,,,,,,,,,,,,,,,,,,,,,,,,,,,,,,,,,,,,,,,,,,,,,
Kitchell,Catchell,,,,,,,,,,,,,,,,,,,,,,,,,,,,,,,,,,,,,,,,,,,,,,,,,,,,,,,,,
Kitfield,Cetfeld,Ceteffet,,,,,,,,,,,,,,,,,,,,,,,,,,,,,,,,,,,,,,,,,,,,,,,,,,,,,,,,
Kirkley,Kirkly,Kirckley,Kirkeley,Kirkely,Kirklay,Kerkley,Kyrklay,Kyrkle,Kyrkley,Kyrklye,Kirtley,Kirtle,Kertley,Kyetley,Kytley,Kertly,courtley,,,,,,,,,,,,,,,,,,,,,,,,,,,,,,,,,,,,,,,,,
Kirkman,Kirkeman,Kirckman,Kyrkman,Kyrekman,Kyrkeman,Kryrkman,,,,,,,,,,,,,,,,,,,,,,,,,,,,,,,,,,,,,,,,,,,,,,,,,,,,
Kirton,Kirten,Kirtton,Kerton,Kyrton,Kyrtton,Kearton,,,,,,,,,,,,,,,,,,,,,,,,,,,,,,,,,,,,,,,,,,,,,,,,,,,,
Kitchen,Kitchin,Kitchine,Kitching,Kitchinge,Kichine,Kitshing,Kechyng,Kychinge,Kyrchen,Kytcheinge,Kytchen,Kytchin,Kytching,,,,,,,,,,,,,,,,,,,,,,,,,,,,,,,,,,,,,,,,,,,,,
Knaggs,Knagges,Knages,Knagg,Knagge,Knag,Knake,naggs,,,,,,,,,,,,,,,,,,,,,,,,,,,,,,,,,,,,,,,,,,,,,,,,,,,
Knausdell,Knaisdell,Knaisell,Knasdell,Knawsdale,,,,,,,,,,,,,,,,,,,,,,,,,,,,,,,,,,,,,,,,,,,,,,,,,,,,,,
Knighton,Knyghton,,,,,,,,,,,,,,,,,,,,,,,,,,,,,,,,,,,,,,,,,,,,,,,,,,,,,,,,,
Kynaston,Kynastone,,,,,,,,,,,,,,,,,,,,,,,,,,,,,,,,,,,,,,,,,,,,,,,,,,,,,,,,,
