Kneeshaw,Neeshaw,Kneshaw,Newshaw,,,,,,,,,,,,,,,,,,,,,,,,,,,,,,,,,,,,,,,,,,,,,,,,,,,,,,,,,,,,,,,,,,,,,,
Knowles,Knowls,Nowles,,,,,,,,,,,,,,,,,,,,,,,,,,,,,,,,,,,,,,,,,,,,,,,,,,,,,,,,,,,,,,,,,,,,,,,
Knubley,Nubley,Nubla,,,,,,,,,,,,,,,,,,,,,,,,,,,,,,,,,,,,,,,,,,,,,,,,,,,,,,,,,,,,,,,,,,,,,,,
Nameles,Nameless,,,,,,,,,,,,,,,,,,,,,,,,,,,,,,,,,,,,,,,,,,,,,,,,,,,,,,,,,,,,,,,,,,,,,,,,
Naseborough,Nasebrough,Nesbury,,,,,,,,,,,,,,,,,,,,,,,,,,,,,,,,,,,,,,,,,,,,,,,,,,,,,,,,,,,,,,,,,,,,,,,
Nateby,Natebye,Natbey,Neteby,naitby,Natby,Knatsby,Natebe,Natebie,Natenby,Netby,Niteby,,,,,,,,,,,,,,,,,,,,,,,,,,,,,,,,,,,,,,,,,,,,,,,,,,,,,,,,,,,,,,
Nattrass,Naiters,Nateras,Naterass,Naterers,Nateres,Naterhouse,Naterins,Nateris,Naters,Naterus,Nathras,Natiers,Natirs,Natras,Natrass,Natrasse,Natre,Natres,Natress,Natresse,Natrice,Natris,Natrish,Natriss,Natrisse,Natross,Nattaras,Nattaress,Nattaris,Nattars,Nattarus,Natteras,Natterass,Natteres,Natteress,Natteresse,Natterice,Nattres,Nattress,Nattresse,Nattrice,Nattris,Nattrisse,Notterasse,Natterhouse,Natteris,Natteriss,Natterras,Natterres,Natterresse,Natterris,Natterriss,Natters,Nattess,Nattis,Nattras,Nattrasse,Nattric,Nattriss,Natuers,Naturas,Naturass,Natures,Naturess,Naturis,Notris,Nottrice,,,,,,
Naunton,Nawnton,Nauton,Nanton,,,,,,,,,,,,,,,,,,,,,,,,,,,,,,,,,,,,,,,,,,,,,,,,,,,,,,,,,,,,,,,,,,,,,,
Neal,Nealle,Neales,Neles,Neeles,Nell,Neil,Niele,Neyle,niel,Neayle,,,,,,,,,,,,,,,,,,,,,,,,,,,,,,,,,,,,,,,,,,,,,,,,,,,,,,,,,,,,,,,
Neasby,Neasbye,Neasbie,Nesebye,naseby,naisby,Nazeby,Knasby,Knaseby,Knazeby,Knazebys,Nainsby,Naiseby,Naizby,Naizeby,Nasbey,Nasbie,Nasby,Nasebey,Naszby,Naysby,Nazby,Neisby,Nesbey,Nesby,Nezby,,,,,,,,,,,,,,,,,,,,,,,,,,,,,,,,,,,,,,,,,,,,,,,,
Neilson,Neallson,Nealson,Nilson,Nelson,Nelsonn,Nellson,Nellsonn,Nelston,,,,,,,,,,,,,,,,,,,,,,,,,,,,,,,,,,,,,,,,,,,,,,,,,,,,,,,,,,,,,,,,,
Nellis,Nellist,Nellast,Nelless,,,,,,,,,,,,,,,,,,,,,,,,,,,,,,,,,,,,,,,,,,,,,,,,,,,,,,,,,,,,,,,,,,,,,,
Nelly,Nellie,Nellye,Nely,Neely,Neily,Nealey,Neally,Nealy,Neilley,Neilly,Neley,Nellay,Nelley,,,,,,,,,,,,,,,,,,,,,,,,,,,,,,,,,,,,,,,,,,,,,,,,,,,,,,,,,,,,
Nesbit,Knaisbitt,Knazbet,Knesbett,Naesbit,Naisbeck,naisbet,Naisbett,Naisbette,naisbit,Naisbitt,Naisbut,Naisbyt,Naisebet,Naisebit,Naizbet,Naizbett,Naizbit,Naizbitt,Naizebit,Nasbat,Nasbeit,Nasbet,Nasbett,Nasbit,Nasbitt,Nasbyt,Nasebeck,Nasebet,Nasebett,Nasebit,Nasebitt,Nasebott,Nasebut,Naysbert,Naysbit,Nazbet,Nazbit,Nazebett,Nazebitt,Nazebot,Neasbet,Neasbit,Neasbyt,Nesbate,Nesbet,Nesbitt,Nesbyot,Nesebit,Nessbett,nisbet,nisbit,Neasbut,Neisbet,Neisbett,Neisbitt,Nesbat,Nesbeth,Nesbett,Nesbetts,Nesbid,Nesbut,Nesbyt,Nessbitt,Nezbet,Nezbit,Nezbitt,Nisbeit,Nisbett,Nisbite,Nisbitt,Nissbett,Nosbit,Noosbeck
Nesham,Neysham,Neasham,Nesam,Nesom,Nesome,Nessham,Neasom,Nasome,Nearsom,Neasam,Neashom,Neasim,Neasome,Neason,Neasone,Neassen,Neassom,Neaston,Neesam,Neeshain,Neesham,Neesom,Neesome,Neeson,Neesum,Neisham,Neisom,Neison,Neshom,Neshum,Neson,Nesonne,Nessam,Nestone,Nestrom,Nesum,Newsam,Newsham,Newsom,Newsome,Newson,Newzam,Nieusam,Nilsam,Nisham,Nison,Nowsam,Nusam,,,,,,,,,,,,,,,,,,,,,,,,,
Ness,Nesse,Neece,,,,,,,,,,,,,,,,,,,,,,,,,,,,,,,,,,,,,,,,,,,,,,,,,,,,,,,,,,,,,,,,,,,,,,,
Nesser,Neser,Nester,Nestor,,,,,,,,,,,,,,,,,,,,,,,,,,,,,,,,,,,,,,,,,,,,,,,,,,,,,,,,,,,,,,,,,,,,,,
Nether,Nother,Nethars,Nethers,,,,,,,,,,,,,,,,,,,,,,,,,,,,,,,,,,,,,,,,,,,,,,,,,,,,,,,,,,,,,,,,,,,,,,
Netherton,Neatherton,Netherington,Netherston,,,,,,,,,,,,,,,,,,,,,,,,,,,,,,,,,,,,,,,,,,,,,,,,,,,,,,,,,,,,,,,,,,,,,,
Nettles,Nettle,,,,,,,,,,,,,,,,,,,,,,,,,,,,,,,,,,,,,,,,,,,,,,,,,,,,,,,,,,,,,,,,,,,,,,,,
Nettleton,Netleton,,,,,,,,,,,,,,,,,,,,,,,,,,,,,,,,,,,,,,,,,,,,,,,,,,,,,,,,,,,,,,,,,,,,,,,,
Neve,Neeve,Nave,Neave,Nevee,Nevey,Nevi,Nevie,Nevy,,,,,,,,,,,,,,,,,,,,,,,,,,,,,,,,,,,,,,,,,,,,,,,,,,,,,,,,,,,,,,,,,
Nevelson,Nevellson,Nevelsonn,nevilson,nevison,Navelson,Nevinson,Nebison,Neveson,Nevolson,Nivilson,Novilson,,,,,,,,,,,,,,,,,,,,,,,,,,,,,,,,,,,,,,,,,,,,,,,,,,,,,,,,,,,,,,
Nevill,Nevell,Navell,neville,Navel,Navill,Narviell,Nawell,Neavels,Neaviles,Neavils,Nelvel,Nevall,Nevals,Nevel,Nevells,Nevels,Neviels,Nevil,Nevils,Nevile,Nevilla,Nevilles,Nevills,Nevvel,Newells,,,,,,,,,,,,,,,,,,,,,,,,,,,,,,,,,,,,,,,,,,,,,,,,
Nevins,Nevin,Naven,Navin,Knebbins,Navines,Neaven,Neavens,Neavin,Neavings,Neavins,Neevin,Neiving,Nephen,Neuving,Nevan,Nevans,Neveans,Neven,Nevens,Nevince,Neving,Nevings,Nevons,Niven,Nivens,Nivin,Nivins,,,,,,,,,,,,,,,,,,,,,,,,,,,,,,,,,,,,,,,,,,,,,,
Newberry,Newbery,Newbury,Nubry,,,,,,,,,,,,,,,,,,,,,,,,,,,,,,,,,,,,,,,,,,,,,,,,,,,,,,,,,,,,,,,,,,,,,,
Newbiggin,Newbigging,Newbiggynge,Newbegan,Newbegen,Newbeggin,Newbegin,Newbigan,Newbigen,Newbiggen,Newbiggens,Newbigging,Newbiggon,Newbiggyng,Newbigin,Newbiging,Newbign,Newbikin,Nubigin,,,,,,,,,,,,,,,,,,,,,,,,,,,,,,,,,,,,,,,,,,,,,,,,,,,,,,,
Newbold,Newbolt,Newbit,Newbitt,Newble,Newbould,,,,,,,,,,,,,,,,,,,,,,,,,,,,,,,,,,,,,,,,,,,,,,,,,,,,,,,,,,,,,,,,,,,,
Newburn,Newbon,Newbond,Newbound,Newburne,Newebern,,,,,,,,,,,,,,,,,,,,,,,,,,,,,,,,,,,,,,,,,,,,,,,,,,,,,,,,,,,,,,,,,,,,
Newby,Newbye,Newbie,Newbe,Newbee,Newbey,Nuby,Neube,Neubey,Neubie,Neubie,Newbee,Nubee,Nubey,Nubie,Nubye,Nuebie,Nueby,Nuebye,,,,,,,,,,,,,,,,,,,,,,,,,,,,,,,,,,,,,,,,,,,,,,,,,,,,,,,
Newcombe,Newcom,Newcome,Newcum,Newckham,Neucekham,Newcham,Nucom,Newkham,,,,,,,,,,,,,,,,,,,,,,,,,,,,,,,,,,,,,,,,,,,,,,,,,,,,,,,,,,,,,,,,,
Newell,Newel,Nawell,Neuall,Neuel,Newall,,,,,,,,,,,,,,,,,,,,,,,,,,,,,,,,,,,,,,,,,,,,,,,,,,,,,,,,,,,,,,,,,,,,
Newen,noon,Newin,Newan,Newin,Newin,Newhin,Newhon,Nune,,,,,,,,,,,,,,,,,,,,,,,,,,,,,,,,,,,,,,,,,,,,,,,,,,,,,,,,,,,,,,,,,
Newham,Newhame,Newam,Newholm,,,,,,,,,,,,,,,,,,,,,,,,,,,,,,,,,,,,,,,,,,,,,,,,,,,,,,,,,,,,,,,,,,,,,,
Newland,Newlande,Neweland,Newlands,Newlandes,Newelands,Newling,Newlance,Newelandes,Nealands,Nelands,Newelandes,Newlans,Newlence,Newlens,Newlin,Newlines,Noulands,Noulans,Nowland,Nowlans,Nuland,Nulands,,,,,,,,,,,,,,,,,,,,,,,,,,,,,,,,,,,,,,,,,,,,,,,,,,,
Newley,Nowley,Knowley,Knowly,Noley,Nowlay,,,,,,,,,,,,,,,,,,,,,,,,,,,,,,,,,,,,,,,,,,,,,,,,,,,,,,,,,,,,,,,,,,,,
Newman,Numan,,,,,,,,,,,,,,,,,,,,,,,,,,,,,,,,,,,,,,,,,,,,,,,,,,,,,,,,,,,,,,,,,,,,,,,,
Newstead,Newsteade,Newsted,Newsteed,,,,,,,,,,,,,,,,,,,,,,,,,,,,,,,,,,,,,,,,,,,,,,,,,,,,,,,,,,,,,,,,,,,,,,
Newstob,Knewstob,Knewstoppe,Knewstobb,,,,,,,,,,,,,,,,,,,,,,,,,,,,,,,,,,,,,,,,,,,,,,,,,,,,,,,,,,,,,,,,,,,,,,
Newton,Newtone,Newtonn,Newtonne,Neawton,Nowton,Nuton,Nutonn,Neouton,Neutonne,Newtown,Nouton,Nutan,Nutonnie,Nutton,Nutting,,,,,,,,,,,,,,,,,,,,,,,,,,,,,,,,,,,,,,,,,,,,,,,,,,,,,,,,,,
Nicholl,Nicholle,Necholl,Necoll,Nicol,Nycholl,Nycoll,Nicholls,Nichols,Nycholls,Nicholas,Nichollous,Nicolas,,,,,,,,,,,,,,,,,,,,,,,,,,,,,,,,,,,,,,,,,,,,,,,,,,,,,,,,,,,,,
Nicholson,Nicholsonn,Nicholsonne,Nichollson,Niccholson,Niccolson,Nichiolson,Nicheson,Nicalson,Necholson,Nicollson,Nicolson,Nyccolson,Nychilsone,Nycholson,Nycholsone,Nycollson,Nycolson,,,,,,,,,,,,,,,,,,,,,,,,,,,,,,,,,,,,,,,,,,,,,,,,,,,,,,,,
Nimmins,Nimming,Nimmons,Nimms,,,,,,,,,,,,,,,,,,,,,,,,,,,,,,,,,,,,,,,,,,,,,,,,,,,,,,,,,,,,,,,,,,,,,,
Nimmo,Nemmo,Nimmer,Nimmoe,Nimo,Nimoe,Ninno,Nymmo,Nimiy,Nimmy,Nimmiy,Nimy,Nimmey,,,,,,,,,,,,,,,,,,,,,,,,,,,,,,,,,,,,,,,,,,,,,,,,,,,,,,,,,,,,,
Nimney,Nimeney,Niminey,,,,,,,,,,,,,,,,,,,,,,,,,,,,,,,,,,,,,,,,,,,,,,,,,,,,,,,,,,,,,,,,,,,,,,,
Nixon,Nixson,Nickson,Nicksonne,Nycson,Nyxon,,,,,,,,,,,,,,,,,,,,,,,,,,,,,,,,,,,,,,,,,,,,,,,,,,,,,,,,,,,,,,,,,,,,
Noble,Nobble,Nobill,Nobull,,,,,,,,,,,,,,,,,,,,,,,,,,,,,,,,,,,,,,,,,,,,,,,,,,,,,,,,,,,,,,,,,,,,,,
Nolan,Nowland,,,,,,,,,,,,,,,,,,,,,,,,,,,,,,,,,,,,,,,,,,,,,,,,,,,,,,,,,,,,,,,,,,,,,,,,
Norham,Noram,,,,,,,,,,,,,,,,,,,,,,,,,,,,,,,,,,,,,,,,,,,,,,,,,,,,,,,,,,,,,,,,,,,,,,,,
Norman,Noman,Normande,,,,,,,,,,,,,,,,,,,,,,,,,,,,,,,,,,,,,,,,,,,,,,,,,,,,,,,,,,,,,,,,,,,,,,,
North,Northe,Norwth,,,,,,,,,,,,,,,,,,,,,,,,,,,,,,,,,,,,,,,,,,,,,,,,,,,,,,,,,,,,,,,,,,,,,,,
Norton,Nortone,Nortonn,Naughton,Nawton,Notan,Nouton,Noughton,Noton,Nutten,,,,,,,,,,,,,,,,,,,,,,,,,,,,,,,,,,,,,,,,,,,,,,,,,,,,,,,,,,,,,,,,
Noteman,knotman,Notman,Nutman,,,,,,,,,,,,,,,,,,,,,,,,,,,,,,,,,,,,,,,,,,,,,,,,,,,,,,,,,,,,,,,,,,,,,,
Notley,Nutley,Netley,Neatly,Knotley,Netley,,,,,,,,,,,,,,,,,,,,,,,,,,,,,,,,,,,,,,,,,,,,,,,,,,,,,,,,,,,,,,,,,,,,
Nottage,Notox,Notcher,Notage,,,,,,,,,,,,,,,,,,,,,,,,,,,,,,,,,,,,,,,,,,,,,,,,,,,,,,,,,,,,,,,,,,,,,,
Nottingham,Notingham,,,,,,,,,,,,,,,,,,,,,,,,,,,,,,,,,,,,,,,,,,,,,,,,,,,,,,,,,,,,,,,,,,,,,,,,
Nutbrown,Nuttbrown,,,,,,,,,,,,,,,,,,,,,,,,,,,,,,,,,,,,,,,,,,,,,,,,,,,,,,,,,,,,,,,,,,,,,,,,
Nutney,Nutonnie,Nuttney,Notney,,,,,,,,,,,,,,,,,,,,,,,,,,,,,,,,,,,,,,,,,,,,,,,,,,,,,,,,,,,,,,,,,,,,,,
Nuttall,Nuttal,Nuttel,Nuttells,Nuttle,Nuttles,Nutall,Notwell,Nottle,,,,,,,,,,,,,,,,,,,,,,,,,,,,,,,,,,,,,,,,,,,,,,,,,,,,,,,,,,,,,,,,,
Nutter,Notter,Nuter,Netter,,,,,,,,,,,,,,,,,,,,,,,,,,,,,,,,,,,,,,,,,,,,,,,,,,,,,,,,,,,,,,,,,,,,,,
