Quarmby,Quarnby,,,,,,,,,,,,,,,,,,,,,,,,,,,,,,,,,,,,,,,,,,,,,,,,,,,,,,,,,,,,,,,,,,,,,,,,,,,,,,,,,,,,,,,,,,,
Quarrington,Warrington,,,,,,,,,,,,,,,,,,,,,,,,,,,,,,,,,,,,,,,,,,,,,,,,,,,,,,,,,,,,,,,,,,,,,,,,,,,,,,,,,,,,,,,,,,,
Quarry,Quarrie,Queery,Querry,Quorey,,,,,,,,,,,,,,,,,,,,,,,,,,,,,,,,,,,,,,,,,,,,,,,,,,,,,,,,,,,,,,,,,,,,,,,,,,,,,,,,,,,,,,,,
Quarterman,Quartermain,,,,,,,,,,,,,,,,,,,,,,,,,,,,,,,,,,,,,,,,,,,,,,,,,,,,,,,,,,,,,,,,,,,,,,,,,,,,,,,,,,,,,,,,,,,
Quarton,Wharton,,,,,,,,,,,,,,,,,,,,,,,,,,,,,,,,,,,,,,,,,,,,,,,,,,,,,,,,,,,,,,,,,,,,,,,,,,,,,,,,,,,,,,,,,,,
Quayle,Quail,Quaile,,,,,,,,,,,,,,,,,,,,,,,,,,,,,,,,,,,,,,,,,,,,,,,,,,,,,,,,,,,,,,,,,,,,,,,,,,,,,,,,,,,,,,,,,,
Queen,Quinn,Quin,Cuin,Cween,Quain,Quane,Quein,Quine,Quing,,,,,,,,,,,,,,,,,,,,,,,,,,,,,,,,,,,,,,,,,,,,,,,,,,,,,,,,,,,,,,,,,,,,,,,,,,,,,,,,,,,
Queenan,Quinnan,Queenen,Queenin,Quinan,Quinarn,Quinnen,,,,,,,,,,,,,,,,,,,,,,,,,,,,,,,,,,,,,,,,,,,,,,,,,,,,,,,,,,,,,,,,,,,,,,,,,,,,,,,,,,,,,,
Queenby,Quinby,,,,,,,,,,,,,,,,,,,,,,,,,,,,,,,,,,,,,,,,,,,,,,,,,,,,,,,,,,,,,,,,,,,,,,,,,,,,,,,,,,,,,,,,,,,
Quelch,Quelsh,,,,,,,,,,,,,,,,,,,,,,,,,,,,,,,,,,,,,,,,,,,,,,,,,,,,,,,,,,,,,,,,,,,,,,,,,,,,,,,,,,,,,,,,,,,
Quelley,Kwelly,Quelly,Quilley,Quailey,Qualey,Qualley,Qualie,Qualy,,,,,,,,,,,,,,,,,,,,,,,,,,,,,,,,,,,,,,,,,,,,,,,,,,,,,,,,,,,,,,,,,,,,,,,,,,,,,,,,,,,,
Quick,Quicke,,,,,,,,,,,,,,,,,,,,,,,,,,,,,,,,,,,,,,,,,,,,,,,,,,,,,,,,,,,,,,,,,,,,,,,,,,,,,,,,,,,,,,,,,,,
Quickfall,Quickfell,,,,,,,,,,,,,,,,,,,,,,,,,,,,,,,,,,,,,,,,,,,,,,,,,,,,,,,,,,,,,,,,,,,,,,,,,,,,,,,,,,,,,,,,,,,
Quigley,Quickley,Quickly,Quidley,Quiegly,Quighley,Quigly,Quingley,,,,,,,,,,,,,,,,,,,,,,,,,,,,,,,,,,,,,,,,,,,,,,,,,,,,,,,,,,,,,,,,,,,,,,,,,,,,,,,,,,,,,
Quilken,Quilkin,McQuilkin,Quilquin,,,,,,,,,,,,,,,,,,,,,,,,,,,,,,,,,,,,,,,,,,,,,,,,,,,,,,,,,,,,,,,,,,,,,,,,,,,,,,,,,,,,,,,,,
Quillan,Quilland,Quillen,Quillum,,,,,,,,,,,,,,,,,,,,,,,,,,,,,,,,,,,,,,,,,,,,,,,,,,,,,,,,,,,,,,,,,,,,,,,,,,,,,,,,,,,,,,,,,
Quincy,Quincey,Quince,Quinch,,,,,,,,,,,,,,,,,,,,,,,,,,,,,,,,,,,,,,,,,,,,,,,,,,,,,,,,,,,,,,,,,,,,,,,,,,,,,,,,,,,,,,,,,
Quinlan,Quinland,,,,,,,,,,,,,,,,,,,,,,,,,,,,,,,,,,,,,,,,,,,,,,,,,,,,,,,,,,,,,,,,,,,,,,,,,,,,,,,,,,,,,,,,,,,
Quinton,Quenton,Quintain,Quintan,Quentin,Quintin,Quinton,,,,,,,,,,,,,,,,,,,,,,,,,,,,,,,,,,,,,,,,,,,,,,,,,,,,,,,,,,,,,,,,,,,,,,,,,,,,,,,,,,,,,,
Raby,,,,,,,,,,,,,,,,,,,,,,,,,,,,,,,,,,,,,,,,,,,,,,,,,,,,,,,,,,,,,,,,,,,,,,,,,,,,,,,,,,,,,,,,,,,,
Race,Raice,Rayse,Rase,Rayce,Rais,Raylse,Rays,,,,,,,,,,,,,,,,,,,,,,,,,,,,,,,,,,,,,,,,,,,,,,,,,,,,,,,,,,,,,,,,,,,,,,,,,,,,,,,,,,,,,
Rackett,Racket,Rawkett,Rakett,Rawkeld,Rawcket,Rawkket,Rawckyt,Racked,,,,,,,,,,,,,,,,,,,,,,,,,,,,,,,,,,,,,,,,,,,,,,,,,,,,,,,,,,,,,,,,,,,,,,,,,,,,,,,,,,,,
Raffell,Raffle,Raphael,Raphaell,Raphal,Raphel,Raphill,Raffald,Raffel,Raffeld,Raffelles,Raffells,Raffels,Raffield,Raffil,Raffler,Raffles,Raffold,Rafler,Reffell,Relfele,Rofil,Ruffeld,Ruffells,Ruffle,Ruffles,,,,,,,,,,,,,,,,,,,,,,,,,,,,,,,,,,,,,,,,,,,,,,,,,,,,,,,,,,,,,,,,,,,
Rafferty,Rafedy,Rafety,Raffarty,Raffaty,Raffedy,Raffery,Raffetty,Rafftrey,Raftery,Raiffedy,Rapherty,Raverty,Raffett,,,,,,,,,,,,,,,,,,,,,,,,,,,,,,,,,,,,,,,,,,,,,,,,,,,,,,,,,,,,,,,,,,,,,,,,,,,,,,,
Raffey,Raffa,Raffo,Raffy,Raphe,Raff,Reyffe,,,,,,,,,,,,,,,,,,,,,,,,,,,,,,,,,,,,,,,,,,,,,,,,,,,,,,,,,,,,,,,,,,,,,,,,,,,,,,,,,,,,,,
Railton,Raylton,Relton,Ralton,,,,,,,,,,,,,,,,,,,,,,,,,,,,,,,,,,,,,,,,,,,,,,,,,,,,,,,,,,,,,,,,,,,,,,,,,,,,,,,,,,,,,,,,,
Raine,Rain,Rane,Rayne,Reygne,Reine,Rayine,Rayn,,,,,,,,,,,,,,,,,,,,,,,,,,,,,,,,,,,,,,,,,,,,,,,,,,,,,,,,,,,,,,,,,,,,,,,,,,,,,,,,,,,,,
Rainer,Rayner,Raynor,Ranarr,Raner,Ranner,Reanor,Renner,Reyner,,,,,,,,,,,,,,,,,,,,,,,,,,,,,,,,,,,,,,,,,,,,,,,,,,,,,,,,,,,,,,,,,,,,,,,,,,,,,,,,,,,,
Rainerd,Raynard,Renard,Rennard,Reynard,Rainard,Rannat,Raynarde,Raynerd,,,,,,,,,,,,,,,,,,,,,,,,,,,,,,,,,,,,,,,,,,,,,,,,,,,,,,,,,,,,,,,,,,,,,,,,,,,,,,,,,,,,
Raines,Rains,Reynes,Raynes,Rayns,,,,,,,,,,,,,,,,,,,,,,,,,,,,,,,,,,,,,,,,,,,,,,,,,,,,,,,,,,,,,,,,,,,,,,,,,,,,,,,,,,,,,,,,
Rainforth,Rainforthe,rainford,Wrenford,Renforth,Renford,Ranforth,,,,,,,,,,,,,,,,,,,,,,,,,,,,,,,,,,,,,,,,,,,,,,,,,,,,,,,,,,,,,,,,,,,,,,,,,,,,,,,,,,,,,,
Rainton,Raynton,Rayneton,Rawnton,Rayntone,Rayntone,Rayntonne,Renton,Rayntons,Ranton,Rennton,Rantown,Rayntons,Reniton,Rentin,Rinton,Ronton,Rounton,Runton,,,,,,,,,,,,,,,,,,,,,,,,,,,,,,,,,,,,,,,,,,,,,,,,,,,,,,,,,,,,,,,,,,,,,,,,,,
Raisbeck,Raisebeck,Racebeck,Raesbeck,Raisback,Raisbec,Raisbecke,Raisbick,Raisbrick,Raisbrook,Raisebeck,Raisebecke,Raizbeck,Raizbecke,Rasbeck,Rasebacke,Rasebeck,Rasebecke,Rasebicke,Rawbeck,Raysbeck,Raysebeck,Razbeck,Razbek,Reasbeck,Rosebeck,Rasbrook,,,,,,,,,,,,,,,,,,,,,,,,,,,,,,,,,,,,,,,,,,,,,,,,,,,,,,,,,,,,,,,,,,
Raisby,raceby,Reesby,Risby,,,,,,,,,,,,,,,,,,,,,,,,,,,,,,,,,,,,,,,,,,,,,,,,,,,,,,,,,,,,,,,,,,,,,,,,,,,,,,,,,,,,,,,,,
Raisley,Reasley,Reaslye,Resley,Reisley,Risley,Raislay,Rysly,Ryslye,Rasle,Raislay,Reaseley,Reasely,Reasly,Reesley,Reisley,Resly,Reesly,,,,,,,,,,,,,,,,,,,,,,,,,,,,,,,,,,,,,,,,,,,,,,,,,,,,,,,,,,,,,,,,,,,,,,,,,,,
Raison,Rayson,Raisin,Racon,Rason,Raysin,Royson,Ryeson,,,,,,,,,,,,,,,,,,,,,,,,,,,,,,,,,,,,,,,,,,,,,,,,,,,,,,,,,,,,,,,,,,,,,,,,,,,,,,,,,,,,,
Raistrick,Rastrick,Raystreack,,,,,,,,,,,,,,,,,,,,,,,,,,,,,,,,,,,,,,,,,,,,,,,,,,,,,,,,,,,,,,,,,,,,,,,,,,,,,,,,,,,,,,,,,,
Rait,Raitt,Raith,Wraith,Raite,Rate,Rath,Reath,Reith,Routh,Wreathe,Wraithe,Wrate,Wrath,Wrathe,Wrayth,Wreath,Wreet,Wreith,Wret,Writh,,,,,,,,,,,,,,,,,,,,,,,,,,,,,,,,,,,,,,,,,,,,,,,,,,,,,,,,,,,,,,,,,,,,,,,,
Rakebones,Raikbon,Raikbons,Raickbons,Raicbons,Raickbonns,Raikbonns,Raickbons,Raykebayns,Raykbaynes,,,,,,,,,,,,,,,,,,,,,,,,,,,,,,,,,,,,,,,,,,,,,,,,,,,,,,,,,,,,,,,,,,,,,,,,,,,,,,,,,,,
Rakestraw,Raickstraw,rackstraw,Rackstraugh,Rakestroughe,,,,,,,,,,,,,,,,,,,,,,,,,,,,,,,,,,,,,,,,,,,,,,,,,,,,,,,,,,,,,,,,,,,,,,,,,,,,,,,,,,,,,,,,
Ralston,Railstone,Raylston,Ralson,Relson,,,,,,,,,,,,,,,,,,,,,,,,,,,,,,,,,,,,,,,,,,,,,,,,,,,,,,,,,,,,,,,,,,,,,,,,,,,,,,,,,,,,,,,,
Rames,Raymes,Rayms,Raimes,Rayoms,Rhymes,Rymes,Raims,Reams,Reems,Reims,Remes,Reholmes,Rhames,Rhimes,Rhymers,Ruimes,,,,,,,,,,,,,,,,,,,,,,,,,,,,,,,,,,,,,,,,,,,,,,,,,,,,,,,,,,,,,,,,,,,,,,,,,,,,
Ramsey,Ramesay,Ramzaye,Rames,Ramshaw,Ramshawe,Rampshaw,Rampshawe,Ramsha,,,,,,,,,,,,,,,,,,,,,,,,,,,,,,,,,,,,,,,,,,,,,,,,,,,,,,,,,,,,,,,,,,,,,,,,,,,,,,,,,,,,
Ranagan,Ranaghan,Rennigan,,,,,,,,,,,,,,,,,,,,,,,,,,,,,,,,,,,,,,,,,,,,,,,,,,,,,,,,,,,,,,,,,,,,,,,,,,,,,,,,,,,,,,,,,,
Rand,Rande,Ranny,,,,,,,,,,,,,,,,,,,,,,,,,,,,,,,,,,,,,,,,,,,,,,,,,,,,,,,,,,,,,,,,,,,,,,,,,,,,,,,,,,,,,,,,,,
Randall,Randalle,Rantell,Randell,Randal,Randale,Randalls,Randawkes,Randel,Randells,Randill,Randle,Randyll,Rendal,Rendale,Rendall,Rendel,Rendell,Rendle,Rennall,Rindell,Rondell,Rondols,Rundall,Rundel,Rundell,Rundill,Rundle,Runnell,,,,,,,,,,,,,,,,,,,,,,,,,,,,,,,,,,,,,,,,,,,,,,,,,,,,,,,,,,,,,,,,
Rangill,Rangell,Rangale,Rangaill,wrangell,Rengel,Rangles,Wrangles,,,,,,,,,,,,,,,,,,,,,,,,,,,,,,,,,,,,,,,,,,,,,,,,,,,,,,,,,,,,,,,,,,,,,,,,,,,,,,,,,,,,,
Rankin,Ranckyn,Rainken,Rainkin,Ranken,Ranking,Rankinge,Rankion,Ranky,Renken,Renkin,Renking,Renkon,Rinken,Rinkin,Rinking,Ronkin,Runkin,,,,,,,,,,,,,,,,,,,,,,,,,,,,,,,,,,,,,,,,,,,,,,,,,,,,,,,,,,,,,,,,,,,,,,,,,,,
Ranson,Ransom,Ransonne,Ransonne,Rannsonne,Ransome,Raynson,Rainson,Rainsone,Ramson,Randson,Raneson,Ranison,Ranneson,Rannson,Ransam,Ransan,Ransen,Ranston,Ransum,Rentson,Rhonson,Ronson,Ronsone,Reinson,Rennsion,Renson,,,,,,,,,,,,,,,,,,,,,,,,,,,,,,,,,,,,,,,,,,,,,,,,,,,,,,,,,,,,,,,,,,
Rantoul,Raintoul,Raintowel,Rantall,Rantell,Rantol,Rantole,Rantoll,Rantowl,Rentell,Rentoul,Rentowl,Rientoull,Rintorel,Rintoul,Romantell,Romtoul,,,,,,,,,,,,,,,,,,,,,,,,,,,,,,,,,,,,,,,,,,,,,,,,,,,,,,,,,,,,,,,,,,,,,,,,,,,,
Raper,Rayper,Raiper,Rape,Rapier,Rapper,Rayper,Reaper,Reapter,Reeper,Repper,Riper,Roper,Ropar,Ropper,Roaper,Ropyer,,,,,,,,,,,,,,,,,,,,,,,,,,,,,,,,,,,,,,,,,,,,,,,,,,,,,,,,,,,,,,,,,,,,,,,,,,,,
Rash,Rashe,,,,,,,,,,,,,,,,,,,,,,,,,,,,,,,,,,,,,,,,,,,,,,,,,,,,,,,,,,,,,,,,,,,,,,,,,,,,,,,,,,,,,,,,,,,
Rashell,Rasher,Rechels,Rashal,Rashall,Rashel,Rashells,Rasholl,Resheld,Rishall,,,,,,,,,,,,,,,,,,,,,,,,,,,,,,,,,,,,,,,,,,,,,,,,,,,,,,,,,,,,,,,,,,,,,,,,,,,,,,,,,,,
Raskell,Rascall,Raskall,Raskel,Roskell,Rastall,,,,,,,,,,,,,,,,,,,,,,,,,,,,,,,,,,,,,,,,,,,,,,,,,,,,,,,,,,,,,,,,,,,,,,,,,,,,,,,,,,,,,,,
Ratcliff,Ratclif,Racliffe,Ratcliffe,Racliffe,Rackcliffe,Radclyffe,Ratcleyff,Ratclife,Radclif,Ratliffe,Ratclyff,radcliffe,,,,,,,,,,,,,,,,,,,,,,,,,,,,,,,,,,,,,,,,,,,,,,,,,,,,,,,,,,,,,,,,,,,,,,,,,,,,,,,,
Ratham,Rotham,Wreatham,Wretham,,,,,,,,,,,,,,,,,,,,,,,,,,,,,,,,,,,,,,,,,,,,,,,,,,,,,,,,,,,,,,,,,,,,,,,,,,,,,,,,,,,,,,,,,
Rather,Reather,Rayther,Ryther,Reatha,Retther,Ryther,Wrather,Wreather,,,,,,,,,,,,,,,,,,,,,,,,,,,,,,,,,,,,,,,,,,,,,,,,,,,,,,,,,,,,,,,,,,,,,,,,,,,,,,,,,,,,
Raw,Rawe,Rawee,Row,Rowe,,,,,,,,,,,,,,,,,,,,,,,,,,,,,,,,,,,,,,,,,,,,,,,,,,,,,,,,,,,,,,,,,,,,,,,,,,,,,,,,,,,,,,,,
Rawdon,Rawdein,Rowden,Rowdon,,,,,,,,,,,,,,,,,,,,,,,,,,,,,,,,,,,,,,,,,,,,,,,,,,,,,,,,,,,,,,,,,,,,,,,,,,,,,,,,,,,,,,,,,
Rawlin,Rawlinge,Rawlen,Rawling,Rawlyn,Rowland,Rowling,Rowlyn,rollin,rollins,rawlings,rawlins,,,,,,,,,,,,,,,,,,,,,,,,,,,,,,,,,,,,,,,,,,,,,,,,,,,,,,,,,,,,,,,,,,,,,,,,,,,,,,,,,
Rawlinson,Rawlingson,Rawlyson,Rawlison,rollinson,Rowlandson,Rawlandson,Rolandson,Rowlison,Rawlindson,Rolenson,Rolinson,Rowlinson,,,,,,,,,,,,,,,,,,,,,,,,,,,,,,,,,,,,,,,,,,,,,,,,,,,,,,,,,,,,,,,,,,,,,,,,,,,,,,,,
Rawson,Raurson,Rausonne,Rarsan,Rowson,,,,,,,,,,,,,,,,,,,,,,,,,,,,,,,,,,,,,,,,,,,,,,,,,,,,,,,,,,,,,,,,,,,,,,,,,,,,,,,,,,,,,,,,
Raybold,Raebold,Raybould,Rowbell,,,,,,,,,,,,,,,,,,,,,,,,,,,,,,,,,,,,,,,,,,,,,,,,,,,,,,,,,,,,,,,,,,,,,,,,,,,,,,,,,,,,,,,,,
Rayburn,Raburn,Raeburn,Raiburn,Reabourne,Reaburn,Reayburn,Rebon,Reborn,Reburn,Reeburn,Reyburn,Riburn,Ryburn,,,,,,,,,,,,,,,,,,,,,,,,,,,,,,,,,,,,,,,,,,,,,,,,,,,,,,,,,,,,,,,,,,,,,,,,,,,,,,,
Raymond,Raymant,Rayment,Raiment,Raymon,Raynant,Remmond,Reymond,Riman,Raynant,,,,,,,,,,,,,,,,,,,,,,,,,,,,,,,,,,,,,,,,,,,,,,,,,,,,,,,,,,,,,,,,,,,,,,,,,,,,,,,,,,,
Rayworth,Raywith,Raywood,,,,,,,,,,,,,,,,,,,,,,,,,,,,,,,,,,,,,,,,,,,,,,,,,,,,,,,,,,,,,,,,,,,,,,,,,,,,,,,,,,,,,,,,,,
Read,Reid,Rede,Reade,Reyd,Reede,Reed,Ryed,Reyde,ried,,,,,,,,,,,,,,,,,,,,,,,,,,,,,,,,,,,,,,,,,,,,,,,,,,,,,,,,,,,,,,,,,,,,,,,,,,,,,,,,,,,
Reading,Reddinge,Redinge,Rydinge,Redyng,Ryding,Rydden,Ruddinge,redding,Redden,Riding,Ridding,Ridinge,Ridinge,Riddinge,Ryding,Rydings,Ridings,Rydon,Ridden,Rydden,Reddan,,,,,,,,,,,,,,,,,,,,,,,,,,,,,,,,,,,,,,,,,,,,,,,,,,,,,,,,,,,,,,,,,,,,,,,
Readson,Ridson,Ritson,,,,,,,,,,,,,,,,,,,,,,,,,,,,,,,,,,,,,,,,,,,,,,,,,,,,,,,,,,,,,,,,,,,,,,,,,,,,,,,,,,,,,,,,,,
Readymarcher,Readymarsh,Redmarch,Readymarch,Redemarcher,,,,,,,,,,,,,,,,,,,,,,,,,,,,,,,,,,,,,,,,,,,,,,,,,,,,,,,,,,,,,,,,,,,,,,,,,,,,,,,,,,,,,,,,
Reason,Reeson,Reeston,,,,,,,,,,,,,,,,,,,,,,,,,,,,,,,,,,,,,,,,,,,,,,,,,,,,,,,,,,,,,,,,,,,,,,,,,,,,,,,,,,,,,,,,,,
Reay,Rey,Raie,Ray,Reaye,Rayd,Rea,Rei,Reaw,Raye,Reye,Rye,ree,reah,Wray,Wraye,Wraie,Wrey,Wreay,wreah,Rae,Rear,Rhea,Righ,Righe,,,,,,,,,,,,,,,,,,,,,,,,,,,,,,,,,,,,,,,,,,,,,,,,,,,,,,,,,,,,,,,,,,,,
Reddington,Redington,Ridinton,Riddington,,,,,,,,,,,,,,,,,,,,,,,,,,,,,,,,,,,,,,,,,,,,,,,,,,,,,,,,,,,,,,,,,,,,,,,,,,,,,,,,,,,,,,,,,
Redhead,Readhead,Readheed,Redhed,Reedhead,Readhed,Readheade,Reedheade,Readdet,Readdit,Readehead,Readit,Readshead,Reddit,Redditt,Reded,Redehead,Redheade,Reditt,Reedehead,Reedheed,Reedit,Reeditt,Reehead,,,,,,,,,,,,,,,,,,,,,,,,,,,,,,,,,,,,,,,,,,,,,,,,,,,,,,,,,,,,,,,,,,,,,
Redman,Readman,Readiman,Readmand,Readmond,Readsman,Redmayne,Redmond,Reedman,Ridman,Ridmayne,Ruddiman,Rudman,Redmons,,,,,,,,,,,,,,,,,,,,,,,,,,,,,,,,,,,,,,,,,,,,,,,,,,,,,,,,,,,,,,,,,,,,,,,,,,,,,,,
Redshaw,Readshawe,Readeshawe,Readshaw,Readeshaw,Redshawe,Radshaw,Reacher,Reashaw,Recha,Rechaw,Rechsua,Redsher,Reeadshaw,Reedshaw,Retcher,Richer,Ridshaw,Ritshaw,Ritchaw,,,,,,,,,,,,,,,,,,,,,,,,,,,,,,,,,,,,,,,,,,,,,,,,,,,,,,,,,,,,,,,,,,,,,,,,,
Reeder,Redar,Reader,Reder,Reider,,,,,,,,,,,,,,,,,,,,,,,,,,,,,,,,,,,,,,,,,,,,,,,,,,,,,,,,,,,,,,,,,,,,,,,,,,,,,,,,,,,,,,,,
Rees,rhys,Reace,Reas,Rease,Rece,Reece,Reese,Reice,Reis,Ries,,,,,,,,,,,,,,,,,,,,,,,,,,,,,,,,,,,,,,,,,,,,,,,,,,,,,,,,,,,,,,,,,,,,,,,,,,,,,,,,,,
Relley,Raley,Ralie,Rellay,Rell,Relle,Relly,Rayley,Really,Reely,Raly,Rylle,,,,,,,,,,,,,,,,,,,,,,,,,,,,,,,,,,,,,,,,,,,,,,,,,,,,,,,,,,,,,,,,,,,,,,,,,,,,,,,,,
Relph,Relfe,Relf,Relff,Rolfe,Reilph,ralph,rolph,Realfe,,,,,,,,,,,,,,,,,,,,,,,,,,,,,,,,,,,,,,,,,,,,,,,,,,,,,,,,,,,,,,,,,,,,,,,,,,,,,,,,,,,,
Relse,Raylse,,,,,,,,,,,,,,,,,,,,,,,,,,,,,,,,,,,,,,,,,,,,,,,,,,,,,,,,,,,,,,,,,,,,,,,,,,,,,,,,,,,,,,,,,,,
Remington,Rimington,Rymington,Riminton,Rementon,Reminton,Remmington,Remmintri,Riminton,Rimmington,,,,,,,,,,,,,,,,,,,,,,,,,,,,,,,,,,,,,,,,,,,,,,,,,,,,,,,,,,,,,,,,,,,,,,,,,,,,,,,,,,,
Renby,Renebye,Rynubye,Ryunbye,,,,,,,,,,,,,,,,,,,,,,,,,,,,,,,,,,,,,,,,,,,,,,,,,,,,,,,,,,,,,,,,,,,,,,,,,,,,,,,,,,,,,,,,,
Renfrew,Renfrey,Remfry,Renphrey,,,,,,,,,,,,,,,,,,,,,,,,,,,,,,,,,,,,,,,,,,,,,,,,,,,,,,,,,,,,,,,,,,,,,,,,,,,,,,,,,,,,,,,,,
Renkey,Renky,Ranky,Ronkey,,,,,,,,,,,,,,,,,,,,,,,,,,,,,,,,,,,,,,,,,,,,,,,,,,,,,,,,,,,,,,,,,,,,,,,,,,,,,,,,,,,,,,,,,
Rennett,Rennet,Rennit,Reynet,Reynett,Ranatt,,,,,,,,,,,,,,,,,,,,,,,,,,,,,,,,,,,,,,,,,,,,,,,,,,,,,,,,,,,,,,,,,,,,,,,,,,,,,,,,,,,,,,,
Rennald,Rennalds,Reynold,Reynolds,Rennolds,Ranald,Ranard,Ranarde,Ranolde,Raynard,Raynarde,Raynart,Raynerd,Raynold,Raynolde,Raynolds,Regnould,Renald,Rennard,Reynard,Ronald,Rennall,Rennals,Rennelds,Rennell,Rennells,Rennels,Renolds,,,,,,,,,,,,,,,,,,,,,,,,,,,,,,,,,,,,,,,,,,,,,,,,,,,,,,,,,,,,,,,,,
Rennaldson,Rainetsonn,Rainoldson,Rainyson,Ranaldson,Rennisonne,Ranaldsonne,Ranardson,Reynnison,Reynison,Ranelson,Ranelson,Ranetson,Ranholdson,Renneyson,Ranison,Ranoldeson,Ranoldson,Ranoldsonn,Ranoldsonne,Raynardson,Rayneson,Raynetsonn,Raynison,Raynoldson,Raynoldsone,Raynoldsone,Raynoldsonne,Raynolson,Raynson,Regnaldson,Regnoldson,Reignouteson,Reinertsen,Reineson,Reinhardtsen,Reinison,Reinouldson,Reinson,Renaldson,Renalson,Renatson,Renelson,Reneson,Renetson,Renetson,Renison,Renisone,Renisonne,Renisson,Rennalson,Rennardson,Rennasone,Rennatson,Rennetson,Rennison,Renoldson,Renolson,Rennoldson,Rentson,Renyson,Reynoldson,Reynysone,Ronaldson,Ronnyson,Rynison,Rynoldson,Renneldson,Rennelson,Renneson,Rennesonne,Rennoldsonne,Rennyson,Reyneson,Reynoson,Rineson,Rinilson,Rinnison,Ronnyson,Rynison,,,,,,,,,,,,,
Rennie,Renney,Rennye,Renneye,Rene,Renny,Rainnie,Rannie,Reaney,Rendy,Reney,Renna,Reny,Rainnie,Reneh,Rennee,Renneie,Rennies,Rennis,Rennish,,,,,,,,,,,,,,,,,,,,,,,,,,,,,,,,,,,,,,,,,,,,,,,,,,,,,,,,,,,,,,,,,,,,,,,,,
Renwick,Rennick,Ranick,Renick,Rannke,Raynick,Rennex,Rennicke,Rennicks,Rennix,Rennox,Renwicks,Reynick,Rhenox,Wrenick,,,,,,,,,,,,,,,,,,,,,,,,,,,,,,,,,,,,,,,,,,,,,,,,,,,,,,,,,,,,,,,,,,,,,,,,,,,,,,
Reveley,Revlie,Revley,Revelie,Reaveleye,Revelay,Reavley,Reavely,Reavlye,Reavly,Riveley,Roveley,reevley,reveley,raveley,ravilar,Reafelah,Reavelay,Reavelei,Reaveler,Reaveley,Reavelye,Reaverley,Reaviley,Reavily,Reavla,Reavlely,Reavler,Reevelah,Reevelay,Reeveler,Reeveley,Reevely,Reevle,Reevley,Reevlie,Reevly,Reiveley,Reively,Revealey,Reveeley,Reveely,Revelah,Revelay,Revele,Reveler,Reveley,Revelie,Revellay,Revelle,Revelly,Revelow,Revely,Revelye,Reverley,Revile,Revily,Revlah,Revle,Revley,Revlie,Revly,Rieveley,Rievely,Rievley,Riveley,Riveller,Rively,Roveley,Revalle,,,,,,,,,,,,,,,,,,,,,,,
Revell,reevel,reevil,reevill,rivell,rivel,Reville,Revill,Revil,Reevle,Reivel,Revall,Revalle,Reveel,Reveell,Revel,Reavill,Reevell,Ravel,Reavel,Reavell,,,,,,,,,,,,,,,,,,,,,,,,,,,,,,,,,,,,,,,,,,,,,,,,,,,,,,,,,,,,,,,,,,,,,,,,
Ranfield,Renfield,,,,,,,,,,,,,,,,,,,,,,,,,,,,,,,,,,,,,,,,,,,,,,,,,,,,,,,,,,,,,,,,,,,,,,,,,,,,,,,,,,,,,,,,,,,
Rothfield,Ratfield,,,,,,,,,,,,,,,,,,,,,,,,,,,,,,,,,,,,,,,,,,,,,,,,,,,,,,,,,,,,,,,,,,,,,,,,,,,,,,,,,,,,,,,,,,,
Rootingfield,Roughtinfield,Ruttingfield,Roughitfield,,,,,,,,,,,,,,,,,,,,,,,,,,,,,,,,,,,,,,,,,,,,,,,,,,,,,,,,,,,,,,,,,,,,,,,,,,,,,,,,,,,,,,,,,
Revington,rivington,Ruffington,,,,,,,,,,,,,,,,,,,,,,,,,,,,,,,,,,,,,,,,,,,,,,,,,,,,,,,,,,,,,,,,,,,,,,,,,,,,,,,,,,,,,,,,,,
Rewcroft,Rawcroft,Recroft,Rewcooste,Reycroft,Rycroft,Raycroft,Ricroft,Rycraft,Ryecroft,Riecroft,Roecroft,Rouckroft,Rowcroft,Rucroft,Ruecroft,Ruscroft,Rushcroft,Rycraft,,,,,,,,,,,,,,,,,,,,,,,,,,,,,,,,,,,,,,,,,,,,,,,,,,,,,,,,,,,,,,,,,,,,,,,,,,
Rex,Rix,Ricks,Riks,,,,,,,,,,,,,,,,,,,,,,,,,,,,,,,,,,,,,,,,,,,,,,,,,,,,,,,,,,,,,,,,,,,,,,,,,,,,,,,,,,,,,,,,,
Riby,Ryby,,,,,,,,,,,,,,,,,,,,,,,,,,,,,,,,,,,,,,,,,,,,,,,,,,,,,,,,,,,,,,,,,,,,,,,,,,,,,,,,,,,,,,,,,,,
Rich,Rissh,Ritch,Ritche,Riche,Rish,Rishe,Rissce,,,,,,,,,,,,,,,,,,,,,,,,,,,,,,,,,,,,,,,,,,,,,,,,,,,,,,,,,,,,,,,,,,,,,,,,,,,,,,,,,,,,,
Riches,Ritches,Richers,,,,,,,,,,,,,,,,,,,,,,,,,,,,,,,,,,,,,,,,,,,,,,,,,,,,,,,,,,,,,,,,,,,,,,,,,,,,,,,,,,,,,,,,,,
Richard,Richards,Rickard,Rickards,Rickerts,Rickerst,Ritchard,Riccard,Richers,Richer,Ritcher,,,,,,,,,,,,,,,,,,,,,,,,,,,,,,,,,,,,,,,,,,,,,,,,,,,,,,,,,,,,,,,,,,,,,,,,,,,,,,,,,,
Richardson,Recardson,Rechardson,Recherdson,Recheson,Rechison,Rechesone,Rechisone,Rechyson,Rekerdson,Rekeson,Richardsone,Richardsonn,Richardsonne,Richarsonn,Richasson,Richedson,Richenson,Richerdeson,Richerdson,Richerdsone,Richerson,Richeson,Richeson,Richesonn,Richesonn,Richesonne,Richinson,Richindson,Richingson,Richinsone,Richinsonn,Richinsonne,Richison,Richisonn,Richuson,Richyson,Rickardson,Rickatson,Rickenson,Rickerson,Rickeson,Ricketson,Rickettson,Rickinson,Rickison,Rickleson,Rickson,Rickisonn,Rikerdson,Rikeson,Ritchardson,Ritcherson,Ritcheson,Ritchesson,Ritchieson,Ritchison,Rycardeson,Rychanson,Rychardson,Rychardsone,Rychardsonn,Rycherdson,Rycheson,Rychesone,Rychrdeson,Rychyson,Rykardson,Rykerdson,Rixon,Ritchinson,Ritchson,Rutchinson,,,,,,,,,,,,,,,,,,,,
Richell,Rickall,Rickell,Reachal,,,,,,,,,,,,,,,,,,,,,,,,,,,,,,,,,,,,,,,,,,,,,,,,,,,,,,,,,,,,,,,,,,,,,,,,,,,,,,,,,,,,,,,,,
Richen,Ritchen,Ritchings,Richans,Richan,Richer,Richin,Richings,Richins,Ricken,Rytching,,,,,,,,,,,,,,,,,,,,,,,,,,,,,,,,,,,,,,,,,,,,,,,,,,,,,,,,,,,,,,,,,,,,,,,,,,,,,,,,,,
Richley,Ritchley,Reachley,Richeley,Richelley,Richerlie,Richle,Richlieu,Richly,Rickley,Rickliew,,,,,,,,,,,,,,,,,,,,,,,,,,,,,,,,,,,,,,,,,,,,,,,,,,,,,,,,,,,,,,,,,,,,,,,,,,,,,,,,,,
Richmond,Richmondt,Richmodnt,Richmount,Richmont,Richmonte,Richman,Richmonde,Rychemond,,,,,,,,,,,,,,,,,,,,,,,,,,,,,,,,,,,,,,,,,,,,,,,,,,,,,,,,,,,,,,,,,,,,,,,,,,,,,,,,,,,,
Rickaby,Rickibie,Rickabie,Rekabie,Rickabie,Reekabye,Richerdsby,Ruckby,Rickebe,Ricubye,Richardbye,Ricubie,Ricaby,Rickby,Rychyby,Richardby,Ricardby,Recabie,Ricarbie,Rickerbye,rickerby,Ryckerby,Rokeby,Rokebye,Rookby,Rockby,Rokby,Rookbey,Rookeby,,,,,,,,,,,,,,,,,,,,,,,,,,,,,,,,,,,,,,,,,,,,,,,,,,,,,,,,,,,,,,,,
Riddell,Riddle,Riddale,Ridale,Rudle,,,,,,,,,,,,,,,,,,,,,,,,,,,,,,,,,,,,,,,,,,,,,,,,,,,,,,,,,,,,,,,,,,,,,,,,,,,,,,,,,,,,,,,,
Riddick,Ryddicke,,,,,,,,,,,,,,,,,,,,,,,,,,,,,,,,,,,,,,,,,,,,,,,,,,,,,,,,,,,,,,,,,,,,,,,,,,,,,,,,,,,,,,,,,,,
Ride,Ryde,,,,,,,,,,,,,,,,,,,,,,,,,,,,,,,,,,,,,,,,,,,,,,,,,,,,,,,,,,,,,,,,,,,,,,,,,,,,,,,,,,,,,,,,,,,
Rideout,Rydout,,,,,,,,,,,,,,,,,,,,,,,,,,,,,,,,,,,,,,,,,,,,,,,,,,,,,,,,,,,,,,,,,,,,,,,,,,,,,,,,,,,,,,,,,,,
Rider,Ryder,Rhyder,Rydor,,,,,,,,,,,,,,,,,,,,,,,,,,,,,,,,,,,,,,,,,,,,,,,,,,,,,,,,,,,,,,,,,,,,,,,,,,,,,,,,,,,,,,,,,
Ridgeway,Ridgwaie,Ridgewaie,Rydgway,Ridgway,Ridgwick,,,,,,,,,,,,,,,,,,,,,,,,,,,,,,,,,,,,,,,,,,,,,,,,,,,,,,,,,,,,,,,,,,,,,,,,,,,,,,,,,,,,,,,
Ridley,Ridlie,Ridleye,Ridlye,Rydley,Ridlay,Rydlay,Rydlye,Redley,Readley,Redlye,Redly,Reydlye,Rydlaye,Rydlee,Rydllay,Rydly,Radley,Readlye,Riddley,Riddly,Ridly,Ridlley,Riedly,Rittley,Rudle,,,,,,,,,,,,,,,,,,,,,,,,,,,,,,,,,,,,,,,,,,,,,,,,,,,,,,,,,,,,,,,,,,,
Ridlington,Rudlington,,,,,,,,,,,,,,,,,,,,,,,,,,,,,,,,,,,,,,,,,,,,,,,,,,,,,,,,,,,,,,,,,,,,,,,,,,,,,,,,,,,,,,,,,,,
Ridsdale,Rydesdayle,Rodysdale,Ryddesdell,Rydsdell,Rydesdaill,,,,,,,,,,,,,,,,,,,,,,,,,,,,,,,,,,,,,,,,,,,,,,,,,,,,,,,,,,,,,,,,,,,,,,,,,,,,,,,,,,,,,,,
Rigg,Rigge,Rygge,Rig,,,,,,,,,,,,,,,,,,,,,,,,,,,,,,,,,,,,,,,,,,,,,,,,,,,,,,,,,,,,,,,,,,,,,,,,,,,,,,,,,,,,,,,,,
Rigmaiden,Rigmayden,Reikmaidden,,,,,,,,,,,,,,,,,,,,,,,,,,,,,,,,,,,,,,,,,,,,,,,,,,,,,,,,,,,,,,,,,,,,,,,,,,,,,,,,,,,,,,,,,,
Riley,Ryley,Reilly,Rylee,Ryly,Reily,Reiley,Reilley,Reyley,Rialey,Rieley,Rielly,Riely,Rilley,Rilly,Rily,Roiley,Roily,Rolley,Rolly,Royally,Royeley,Roylee,Royley,Roylie,Rulley,Rylay,Ryleyes,Rylle,,,,,,,,,,,,,,,,,,,,,,,,,,,,,,,,,,,,,,,,,,,,,,,,,,,,,,,,,,,,,,,,
Ring,wring,,,,,,,,,,,,,,,,,,,,,,,,,,,,,,,,,,,,,,,,,,,,,,,,,,,,,,,,,,,,,,,,,,,,,,,,,,,,,,,,,,,,,,,,,,,
Ringley,Rengley,,,,,,,,,,,,,,,,,,,,,,,,,,,,,,,,,,,,,,,,,,,,,,,,,,,,,,,,,,,,,,,,,,,,,,,,,,,,,,,,,,,,,,,,,,,
Ripley,Riplaye,Riplay,Ripplay,Rypley,Replaie,Reply,Ribley,Rippley,Rapley,,,,,,,,,,,,,,,,,,,,,,,,,,,,,,,,,,,,,,,,,,,,,,,,,,,,,,,,,,,,,,,,,,,,,,,,,,,,,,,,,,,
Ripon,Rippen,Rippon,Rypon,Ryppon,,,,,,,,,,,,,,,,,,,,,,,,,,,,,,,,,,,,,,,,,,,,,,,,,,,,,,,,,,,,,,,,,,,,,,,,,,,,,,,,,,,,,,,,
Redpath,Radpath,Readpath,Redpeth,Reedpath,Reedpeth,Ridpath,Ridpeth,Ridpith,,,,,,,,,,,,,,,,,,,,,,,,,,,,,,,,,,,,,,,,,,,,,,,,,,,,,,,,,,,,,,,,,,,,,,,,,,,,,,,,,,,,
Rippeth,Ryppeth,Reppeth,Repath,Ripath,Ripeth,Ripett,Rippath,Rippith,Ripworth,,,,,,,,,,,,,,,,,,,,,,,,,,,,,,,,,,,,,,,,,,,,,,,,,,,,,,,,,,,,,,,,,,,,,,,,,,,,,,,,,,,
Riseborough,Raisborough,Raisbrough,Raisbury,Raiseborough,Risborough,Rasberry,Rasbrough,Raspberry,Riceborough,Risbrough,Risbry,Risebury,Risburgh,Riseberg,Riseberry,Risebero,Roseberry,Risebouh,Risebourough,Risebrough,Risebugh,Riseburgh,Rosbery,Roseborough,Rosebrough,,,,,,,,,,,,,,,,,,,,,,,,,,,,,,,,,,,,,,,,,,,,,,,,,,,,,,,,,,,,,,,,,,,
Ritchie,Rydgey,Richey,Ritche,richie,Reachy,Reashe,Richah,Riche,Richee,Richei,Richy,Ricke,Rickey,Rickkey,Rishey,Ritcha,Ritchaw,Ritchey,Ritchtey,Ritchy,Rithchie,Reechey,,,,,,,,,,,,,,,,,,,,,,,,,,,,,,,,,,,,,,,,,,,,,,,,,,,,,,,,,,,,,,,,,,,,,,
Ritter,Writer,Wryter,,,,,,,,,,,,,,,,,,,,,,,,,,,,,,,,,,,,,,,,,,,,,,,,,,,,,,,,,,,,,,,,,,,,,,,,,,,,,,,,,,,,,,,,,,
Roadman,Rodman,,,,,,,,,,,,,,,,,,,,,,,,,,,,,,,,,,,,,,,,,,,,,,,,,,,,,,,,,,,,,,,,,,,,,,,,,,,,,,,,,,,,,,,,,,,
Roads,Roades,rhodes,Roddis,Roads,Rodes,Rodds,Rods,,,,,,,,,,,,,,,,,,,,,,,,,,,,,,,,,,,,,,,,,,,,,,,,,,,,,,,,,,,,,,,,,,,,,,,,,,,,,,,,,,,,,
Roberts,Robarts,,,,,,,,,,,,,,,,,,,,,,,,,,,,,,,,,,,,,,,,,,,,,,,,,,,,,,,,,,,,,,,,,,,,,,,,,,,,,,,,,,,,,,,,,,,
Robinson,Robinsonn,Robisonn,Robeson,Robesonn,Robison,Robinsonne,Robynson,Roobinson,Robinsone,Robesone,Robenson,Robyson,Robbyeson,Robeyson,Robbyson,Robysson,Ribinson,Robingsone,Robingeson,Robisonne,Rebason,Robertson,Robson,Robsonn,Robsonne,Robsone,,,,,,,,,,,,,,,,,,,,,,,,,,,,,,,,,,,,,,,,,,,,,,,,,,,,,,,,,,,,,,,,,,
Rochester,Rotchester,Rawchester,Ratchester,Rechester,register,redchester,Radchester,Ratchister,Redgester,Redgister,Regester,Retchister,Richester,Rodchester,Rogester,Rogister,Rogust,Rogust,Rowchester,Rudchester,Rutchester,,,,,,,,,,,,,,,,,,,,,,,,,,,,,,,,,,,,,,,,,,,,,,,,,,,,,,,,,,,,,,,,,,,,,,,
Rock,Roke,Rocke,Wrocke,,,,,,,,,,,,,,,,,,,,,,,,,,,,,,,,,,,,,,,,,,,,,,,,,,,,,,,,,,,,,,,,,,,,,,,,,,,,,,,,,,,,,,,,,
Rockwood,Rackwodd,,,,,,,,,,,,,,,,,,,,,,,,,,,,,,,,,,,,,,,,,,,,,,,,,,,,,,,,,,,,,,,,,,,,,,,,,,,,,,,,,,,,,,,,,,,
Roden,Rodden,Rading,Rowden,Rhoddan,Rhodden,Rhoden,Rhodin,Roddan,Roddin,Roddon,Rowden,Ruddan,,,,,,,,,,,,,,,,,,,,,,,,,,,,,,,,,,,,,,,,,,,,,,,,,,,,,,,,,,,,,,,,,,,,,,,,,,,,,,,,
Roddy,Rodda,Rodder,Roddey,Ruddy,Rodie,Rody,Rutty,Ruttey,Ruty,,,,,,,,,,,,,,,,,,,,,,,,,,,,,,,,,,,,,,,,,,,,,,,,,,,,,,,,,,,,,,,,,,,,,,,,,,,,,,,,,,,
Rothery,Roddery,Roddre,Rotery,Rothere,Rotherey,Rotherie,Rotherry,Rothey,Rothrey,Rothry,Rothy,Rottery,Ruttery,Rattrey,Rattery,Rattray,,,,,,,,,,,,,,,,,,,,,,,,,,,,,,,,,,,,,,,,,,,,,,,,,,,,,,,,,,,,,,,,,,,,,,,,,,,,
Roddenberry,Radenbey,Radinbury,Rattenbury,Rawdenburg,Rittenby,Roddenbe,Roddenbury,Roddenby,Rodenberry,Rodenbury,Rodenby,Rottenbery,Rottenburg,Rottenbury,Rodonby,,,,,,,,,,,,,,,,,,,,,,,,,,,,,,,,,,,,,,,,,,,,,,,,,,,,,,,,,,,,,,,,,,,,,,,,,,,,,
Rodham,Roddam,Rodume,Rhoddom,Roddom,Rodom,Roddham,Rodam,Reddam,Roddem,Roddome,Roddum,Rodome,Rotham,Ruddam,Ruddom,Rudham,,,,,,,,,,,,,,,,,,,,,,,,,,,,,,,,,,,,,,,,,,,,,,,,,,,,,,,,,,,,,,,,,,,,,,,,,,,,
Roderick,Roderick,Rotherick,,,,,,,,,,,,,,,,,,,,,,,,,,,,,,,,,,,,,,,,,,,,,,,,,,,,,,,,,,,,,,,,,,,,,,,,,,,,,,,,,,,,,,,,,,
Rogers,Roger,rodgers,rodger,,,,,,,,,,,,,,,,,,,,,,,,,,,,,,,,,,,,,,,,,,,,,,,,,,,,,,,,,,,,,,,,,,,,,,,,,,,,,,,,,,,,,,,,,
Rogerson,Rogersonn,Rogersonne,Roddison,rodgerson,Roddeson,Roddinson,Roderson,Rodgeson,Rodginson,Rodgison,Rodgisson,Rogersone,Rogeson,Roggerson,Roggison,Roginson,Rogison,Rudderson,Ruddison,,,,,,,,,,,,,,,,,,,,,,,,,,,,,,,,,,,,,,,,,,,,,,,,,,,,,,,,,,,,,,,,,,,,,,,,,
Romaines,Romaine,Romains,Romands,Romanes,Romanias,Romanies,Romanis,Remanus,Romanns,Romeanes,Rominis,Roumans,Roummans,Remnants,Rummens,Rumns,Rowman,Romeman,Rowmayn,romayne,romain,,,,,,,,,,,,,,,,,,,,,,,,,,,,,,,,,,,,,,,,,,,,,,,,,,,,,,,,,,,,,,,,,,,,,,,
Romley,Romeley,Rumley,,,,,,,,,,,,,,,,,,,,,,,,,,,,,,,,,,,,,,,,,,,,,,,,,,,,,,,,,,,,,,,,,,,,,,,,,,,,,,,,,,,,,,,,,,
Rook,Rooke,,,,,,,,,,,,,,,,,,,,,,,,,,,,,,,,,,,,,,,,,,,,,,,,,,,,,,,,,,,,,,,,,,,,,,,,,,,,,,,,,,,,,,,,,,,
Roost,Roste,,,,,,,,,,,,,,,,,,,,,,,,,,,,,,,,,,,,,,,,,,,,,,,,,,,,,,,,,,,,,,,,,,,,,,,,,,,,,,,,,,,,,,,,,,,
Rose,Roise,Roase,Roose,,,,,,,,,,,,,,,,,,,,,,,,,,,,,,,,,,,,,,,,,,,,,,,,,,,,,,,,,,,,,,,,,,,,,,,,,,,,,,,,,,,,,,,,,
Roseby,Rosbee,Rowsby,Rowsbye,Rousbie,Rowssby,Roisbie,rousby,rusby,Roughsbey,,,,,,,,,,,,,,,,,,,,,,,,,,,,,,,,,,,,,,,,,,,,,,,,,,,,,,,,,,,,,,,,,,,,,,,,,,,,,,,,,,,
Rosenberg,Rosenburgh,,,,,,,,,,,,,,,,,,,,,,,,,,,,,,,,,,,,,,,,,,,,,,,,,,,,,,,,,,,,,,,,,,,,,,,,,,,,,,,,,,,,,,,,,,,
Ross,Rosse,Roosse,,,,,,,,,,,,,,,,,,,,,,,,,,,,,,,,,,,,,,,,,,,,,,,,,,,,,,,,,,,,,,,,,,,,,,,,,,,,,,,,,,,,,,,,,,
Rotherham,Rotheram,Ruddram,,,,,,,,,,,,,,,,,,,,,,,,,,,,,,,,,,,,,,,,,,,,,,,,,,,,,,,,,,,,,,,,,,,,,,,,,,,,,,,,,,,,,,,,,,
Rough,Ruffe,Roff,Roffey,roffe,roof,roofe,Rouf,Rouff,rolfe,Ruff,,,,,,,,,,,,,,,,,,,,,,,,,,,,,,,,,,,,,,,,,,,,,,,,,,,,,,,,,,,,,,,,,,,,,,,,,,,,,,,,,,
Roughead,Ruffhead,Rufet,Rawfald,Rowkehead,Ruffet,Rufhead,Rughead,Rugthhead,Rowhead,Rowhehead,Ruggett,Rowget,,,,,,,,,,,,,,,,,,,,,,,,,,,,,,,,,,,,,,,,,,,,,,,,,,,,,,,,,,,,,,,,,,,,,,,,,,,,,,,,
Rought,Wrought,Rout,,,,,,,,,,,,,,,,,,,,,,,,,,,,,,,,,,,,,,,,,,,,,,,,,,,,,,,,,,,,,,,,,,,,,,,,,,,,,,,,,,,,,,,,,,
Rounthwaite,Rownwhat,Runthit,Runthort,Runthwith,Rownthwate,Rownthwaite,Rounthwait,Runthwaite,Runthwate,roundfoot,Roundthwaite,,,,,,,,,,,,,,,,,,,,,,,,,,,,,,,,,,,,,,,,,,,,,,,,,,,,,,,,,,,,,,,,,,,,,,,,,,,,,,,,,
Routh,Rowth,,,,,,,,,,,,,,,,,,,,,,,,,,,,,,,,,,,,,,,,,,,,,,,,,,,,,,,,,,,,,,,,,,,,,,,,,,,,,,,,,,,,,,,,,,,
Routledge,Rittley,Rooklish,Rootlas,Rootlass,Rootless,Rootlidge,Rootlish,RootlisheRothlish,,Rothlishe,Rotlish,Rotheles,Routchless,Routclass,Routdgle,Routelag,Routelas,Routeledg,Routeles,Routelidge,Routelis,Routillass,Routlag,Routlage,Routlah,Routlas,Routlase,Routlass,Routlasse,Routlech,Routlege,Routles,Routlesh,Routless,Routlesse,Routley,Routlidge,Routlige,Routlish,Rowklass,Rowtlass,Rowtlasse,Rowtlesse,Rowtletch,Rucklish,Rudle,Rudley,Rutdlege,Ruteledge,Ruteless,Rutelidge,Rutess,Ruthdge,Ruthledge,Ruthles,Ruthless,Rutlace,Rutlage,Rutlass,Rutleage,Rutledge,Rutles,Rutless,Rutlesse,Rutleth,Rutley,Rutlidge,Rutlish,Ruttley,Rutlas,Rutlech,Rutledg,Rutledges,Rutlege,Rutleigh,Rutlesh,Rutlidg,Rutlig,Rutlige,Rutlis,Rutlishe,Rutlisse,Rutslish,Ruttedge,Rutteidge,Rutteles,Ruttlage,Ruttlas,Ruttledg,Ruttledge,Ruttlidge,Ruttlish
Rowan,Rowane,,,,,,,,,,,,,,,,,,,,,,,,,,,,,,,,,,,,,,,,,,,,,,,,,,,,,,,,,,,,,,,,,,,,,,,,,,,,,,,,,,,,,,,,,,,
Rowbottom,Rowbidom,rowbotham,,,,,,,,,,,,,,,,,,,,,,,,,,,,,,,,,,,,,,,,,,,,,,,,,,,,,,,,,,,,,,,,,,,,,,,,,,,,,,,,,,,,,,,,,,
Rowell,Rulles,Reilles,Rull,Rowles,Rewell,Rewel,Rowll,Rowlle,Roull,Rowle,Ruell,Rule,Rowlles,Roll,Rowall,Rowlee,Rowelle,Rawell,Rawles,Rowles,Roule,,,,,,,,,,,,,,,,,,,,,,,,,,,,,,,,,,,,,,,,,,,,,,,,,,,,,,,,,,,,,,,,,,,,,,,
Rowghton,Rawghton,Raughton,Rawhton,Raufgton,roughton,,,,,,,,,,,,,,,,,,,,,,,,,,,,,,,,,,,,,,,,,,,,,,,,,,,,,,,,,,,,,,,,,,,,,,,,,,,,,,,,,,,,,,,
Rowntree,Roundtree,Roantree,Roundtrie,Rantree,Rawntree,Rointree,Roneintree,Ronetree,Ronntree,Rontre,Rontree,Roonetree,Rountree,Rountrie,Rountry,Rowantree,Rowentree,Rowentry,Rowintree,Rowntry,Royntrye,Rauntree,,,,,,,,,,,,,,,,,,,,,,,,,,,,,,,,,,,,,,,,,,,,,,,,,,,,,,,,,,,,,,,,,,,,,,
Roxburgh,Roksbrough,Rocksbrough,Rosberg,Rosbery,roseberry,Rosborough,Rosbrook,Rosbrough,Rosburgh,Rosebery,Roseborough,Rosebrough,Rosebruff,Rosebrugh,Roseburgh,Roxborough,Rosebury,Rossborough,Rowsbry,Roxberry,Rocksbury,Roysbury,,,,,,,,,,,,,,,,,,,,,,,,,,,,,,,,,,,,,,,,,,,,,,,,,,,,,,,,,,,,,,,,,,,,,,
Roxby,Rokesbye,Roockesbye,Rookesbye,Rokesbye,Roocksbye,Rockesby,Roxbie,Roxbye,Roxesbye,Rokesebye,Rockesebye,Rokesby,Rokesbye,Rockesbey,Rowksbye,rooksby,Roaksby,Rocksby,Roksby,Roockesby,Rookesbey,Rooxby,Rucksby,Rokesbie,Roksbye,,,,,,,,,,,,,,,,,,,,,,,,,,,,,,,,,,,,,,,,,,,,,,,,,,,,,,,,,,,,,,,,,,,
Roy,Roye,,,,,,,,,,,,,,,,,,,,,,,,,,,,,,,,,,,,,,,,,,,,,,,,,,,,,,,,,,,,,,,,,,,,,,,,,,,,,,,,,,,,,,,,,,,
Royston,Ryston,,,,,,,,,,,,,,,,,,,,,,,,,,,,,,,,,,,,,,,,,,,,,,,,,,,,,,,,,,,,,,,,,,,,,,,,,,,,,,,,,,,,,,,,,,,
Rudd,Rud,Rudde,Rod,Rodd,Road,Rode,Roode,Rood,Rod,,,,,,,,,,,,,,,,,,,,,,,,,,,,,,,,,,,,,,,,,,,,,,,,,,,,,,,,,,,,,,,,,,,,,,,,,,,,,,,,,,,
Ruddock,Ryddicke,Roddick,Rodick,Ruddick,Rudick,,,,,,,,,,,,,,,,,,,,,,,,,,,,,,,,,,,,,,,,,,,,,,,,,,,,,,,,,,,,,,,,,,,,,,,,,,,,,,,,,,,,,,,
Rumbles,Rumless,,,,,,,,,,,,,,,,,,,,,,,,,,,,,,,,,,,,,,,,,,,,,,,,,,,,,,,,,,,,,,,,,,,,,,,,,,,,,,,,,,,,,,,,,,,
Rumbold,Rombold,Rumbert,Rumbot,,,,,,,,,,,,,,,,,,,,,,,,,,,,,,,,,,,,,,,,,,,,,,,,,,,,,,,,,,,,,,,,,,,,,,,,,,,,,,,,,,,,,,,,,
Rumford,Roumfett,Rumfoot,Roumfoot,Rumforthe,Romfoote,Rumfoote,Rumfote,Romfote,Romford,Romfoyth,Romforth,Romfoth,Romfelt,Romphett,Rumfet,Rumphett,Rumphet,Rumfett,Rumforth,Romthat,Rumfords,,,,,,,,,,,,,,,,,,,,,,,,,,,,,,,,,,,,,,,,,,,,,,,,,,,,,,,,,,,,,,,,,,,,,,,
Rumney,Romney,Rumneye,,,,,,,,,,,,,,,,,,,,,,,,,,,,,,,,,,,,,,,,,,,,,,,,,,,,,,,,,,,,,,,,,,,,,,,,,,,,,,,,,,,,,,,,,,
Runchman,Runshman,Runchmane,runciman,,,,,,,,,,,,,,,,,,,,,,,,,,,,,,,,,,,,,,,,,,,,,,,,,,,,,,,,,,,,,,,,,,,,,,,,,,,,,,,,,,,,,,,,,
Rupersberg,Ruppersberg,,,,,,,,,,,,,,,,,,,,,,,,,,,,,,,,,,,,,,,,,,,,,,,,,,,,,,,,,,,,,,,,,,,,,,,,,,,,,,,,,,,,,,,,,,,
Rushboard,Rushbawd,,,,,,,,,,,,,,,,,,,,,,,,,,,,,,,,,,,,,,,,,,,,,,,,,,,,,,,,,,,,,,,,,,,,,,,,,,,,,,,,,,,,,,,,,,,
Rushbrook,Rushbrooke,,,,,,,,,,,,,,,,,,,,,,,,,,,,,,,,,,,,,,,,,,,,,,,,,,,,,,,,,,,,,,,,,,,,,,,,,,,,,,,,,,,,,,,,,,,
Russell,Rusell,Russel,Rossell,Rousell,Rousle,Rusel,Russal,Russells,Russle,Ruzell,,,,,,,,,,,,,,,,,,,,,,,,,,,,,,,,,,,,,,,,,,,,,,,,,,,,,,,,,,,,,,,,,,,,,,,,,,,,,,,,,,
Rutherford,Ruderforth,Ruderford,Ruderforthe,Rudderfoorth,Rudderfoorthe,Rudderforth,Rotharforth,Roderforth,Rutherforthe,Rutherforth,Rudderfourth,Rutherfoorthe,Roodforth,rutherfoot,rotherfoot,,,,,,,,,,,,,,,,,,,,,,,,,,,,,,,,,,,,,,,,,,,,,,,,,,,,,,,,,,,,,,,,,,,,,,,,,,,,,
Rutter,Ruter,Rowtter,Ruytter,Ruitter,Ruytter,,,,,,,,,,,,,,,,,,,,,,,,,,,,,,,,,,,,,,,,,,,,,,,,,,,,,,,,,,,,,,,,,,,,,,,,,,,,,,,,,,,,,,,
Ryal,Ryall,Riall,Rahill,Ryehill,Rayhill,Ryle,Rayell,Reyhill,Rial,Riel,Rihill,Rile,Riles,Rill,Royal,Royall,Royals,Rules,Ryalls,Ryals,Ryel,Ryles,Ryleyes,Rylle,,,,,,,,,,,,,,,,,,,,,,,,,,,,,,,,,,,,,,,,,,,,,,,,,,,,,,,,,,,,,,,,,,,,
Ryan,Rian,Rine,Rion,Riyan,Royan,Royans,Rryan,Ryin,Ryne,Rynn,Rynna,Ryon,,,,,,,,,,,,,,,,,,,,,,,,,,,,,,,,,,,,,,,,,,,,,,,,,,,,,,,,,,,,,,,,,,,,,,,,,,,,,,,,
Ryans,Rhines,Rians,Rynes,,,,,,,,,,,,,,,,,,,,,,,,,,,,,,,,,,,,,,,,,,,,,,,,,,,,,,,,,,,,,,,,,,,,,,,,,,,,,,,,,,,,,,,,,
Ryat,Ryate,Ryott,Riat,Riot,Riott,Ryatt,Ryet,Ryett,Ryot,Ryott,Wryatt,,,,,,,,,,,,,,,,,,,,,,,,,,,,,,,,,,,,,,,,,,,,,,,,,,,,,,,,,,,,,,,,,,,,,,,,,,,,,,,,,
Rylance,Railens,Rilance,Riylands,Ryland,Rylands,Rylans,Rylence,Rylences,Rylons,,,,,,,,,,,,,,,,,,,,,,,,,,,,,,,,,,,,,,,,,,,,,,,,,,,,,,,,,,,,,,,,,,,,,,,,,,,,,,,,,,,
Ryman,Reeman,Riman,,,,,,,,,,,,,,,,,,,,,,,,,,,,,,,,,,,,,,,,,,,,,,,,,,,,,,,,,,,,,,,,,,,,,,,,,,,,,,,,,,,,,,,,,,
Rymer,Raymer,Rhymer,Rhimer,Rhymar,Rhymers,Rimer,Rimmer,Remmer,Rimmers,Rimor,Rimore,Rymers,Rymmer,Rymor,Rymour,,,,,,,,,,,,,,,,,,,,,,,,,,,,,,,,,,,,,,,,,,,,,,,,,,,,,,,,,,,,,,,,,,,,,,,,,,,,,
Rynas,Raynas,Raynash,Ryners,Rynish,,,,,,,,,,,,,,,,,,,,,,,,,,,,,,,,,,,,,,,,,,,,,,,,,,,,,,,,,,,,,,,,,,,,,,,,,,,,,,,,,,,,,,,,
Ryse,rise,rice,Ryce,,,,,,,,,,,,,,,,,,,,,,,,,,,,,,,,,,,,,,,,,,,,,,,,,,,,,,,,,,,,,,,,,,,,,,,,,,,,,,,,,,,,,,,,,
