Habbishaw,Abershaw,Hubbishaw,Habbershaw,Habbershow,Habbeshaw,Habbishow,Habbshaw,Habershaw,Habishaw,Hobbleshaw,Hobshaw,Hubbershaw,Hubbishow,,,,,,,,,,,,,,,,,,,,,,,,,,,,,,,,
Hackett,Ackett,Akitt,Ackitt,Ackett,Aget,Aikett,Aket,Akid,,,,,,,,,,,,,,,,,,,,,,,,,,,,,,,,,,,,,
Hackforth,Hacforth,Hackfurth,Hacfurthe,Hakforth,Hacksforth,Hawckforth,Haxforth,Acksforth,Axford,,,,,,,,,,,,,,,,,,,,,,,,,,,,,,,,,,,,
Hackworth,Hackesweth,Hagworth,Hookworth,Hackwith,Accworth,Acksworth,Ackwith,Ackwood,Hackwood,Ackworth,Acworth,Aekworth,Arkworth,,,,,,,,,,,,,,,,,,,,,,,,,,,,,,,,
Haddock,Haddocke,Haddok,Hadock,Haddack,Haddacke,,,,,,,,,,,,,,,,,,,,,,,,,,,,,,,,,,,,,,,,
Haddon,Hadon,Haden,Hadwen,,,,,,,,,,,,,,,,,,,,,,,,,,,,,,,,,,,,,,,,,,
Haddrick,Hadrick,Hadricke,Hatherick,Hatherwicke,Hadderwicke,,,,,,,,,,,,,,,,,,,,,,,,,,,,,,,,,,,,,,,,
Haggerston,Hagston,Hagstone,haggiston,haggison,Hogstone,Hugerstone,Huggerstone,Hugersone,,,,,,,,,,,,,,,,,,,,,,,,,,,,,,,,,,,,,
Hagthorp,Hagthrope,Hagthropp,,,,,,,,,,,,,,,,,,,,,,,,,,,,,,,,,,,,,,,,,,,
Haire,Haer,Hayre,hair,hare,,,,,,,,,,,,,,,,,,,,,,,,,,,,,,,,,,,,,,,,,
Hall,Halle,Haul,Haule,Haull,Hawl,Hawle,Hawll,,,,,,,,,,,,,,,,,,,,,,,,,,,,,,,,,,,,,,
Halson,Hallson,,,,,,,,,,,,,,,,,,,,,,,,,,,,,,,,,,,,,,,,,,,,
Hamilton,Hamlton,Hamleton,Ammylton,Hambleton,,,,,,,,,,,,,,,,,,,,,,,,,,,,,,,,,,,,,,,,,
Hammel,Hamvell,Homell,Homelle,,,,,,,,,,,,,,,,,,,,,,,,,,,,,,,,,,,,,,,,,,
Hampson,Hampston,,,,,,,,,,,,,,,,,,,,,,,,,,,,,,,,,,,,,,,,,,,,
Hand,Hann,,,,,,,,,,,,,,,,,,,,,,,,,,,,,,,,,,,,,,,,,,,,
Handlay,Handlawe,handley,hanley,,,,,,,,,,,,,,,,,,,,,,,,,,,,,,,,,,,,,,,,,,
Hansbrough,Hansbrougher,,,,,,,,,,,,,,,,,,,,,,,,,,,,,,,,,,,,,,,,,,,,
Harbottle,Harbotle,Harbattle,Harbitle,Harbittle,Harbottell,Harebotle,Herbottell,Harbott,Harbull,Arbotle,,,,,,,,,,,,,,,,,,,,,,,,,,,,,,,,,,,
Harbourn,Harborn,Harburn,Harburne,Hardburne,Harbron,Abron,Habrahan,Habron,Arbern,Ebourne,,,,,,,,,,,,,,,,,,,,,,,,,,,,,,,,,,,
Hardcastle,Hardcastell,,,,,,,,,,,,,,,,,,,,,,,,,,,,,,,,,,,,,,,,,,,,
Harding,Hardinge,Hardin,Hardyndg,Hardyne,Hardyng,Hardynge,Harden,Hardonn,Harden,,,,,,,,,,,,,,,,,,,,,,,,,,,,,,,,,,,,
Hardwick,Hardwicke,,,,,,,,,,,,,,,,,,,,,,,,,,,,,,,,,,,,,,,,,,,,
Hardy,Hardie,,,,,,,,,,,,,,,,,,,,,,,,,,,,,,,,,,,,,,,,,,,,
Hargill,Hargell,,,,,,,,,,,,,,,,,,,,,,,,,,,,,,,,,,,,,,,,,,,,
Hargrave,Hargrove,Hardgrave,Argreave,Hargreaves,Hargreave,Hartgrove,Hadgraft,Hardgraft,Halgrieves,Hardgrove,Hargraves,Hargrove,Hartgrave,Hartsgrave,,,,,,,,,,,,,,,,,,,,,,,,,,,,,,,
Harkas,Harcus,Hacarse,Haycarst,Haycars,Hakers,Haykers,Arcus,Arcas,,,,,,,,,,,,,,,,,,,,,,,,,,,,,,,,,,,,,
Harkless,Hercules,Arculus,Arkless,Arkles,Acklas,,,,,,,,,,,,,,,,,,,,,,,,,,,,,,,,,,,,,,,,
Harle,Haarle,Harlle,Harl,,,,,,,,,,,,,,,,,,,,,,,,,,,,,,,,,,,,,,,,,,
Harniston,Harngerson,,,,,,,,,,,,,,,,,,,,,,,,,,,,,,,,,,,,,,,,,,,,
Harper,Harpar,Harpper,,,,,,,,,,,,,,,,,,,,,,,,,,,,,,,,,,,,,,,,,,,
Harpley,Harpleye,Harparley,Harpelay,Harpeley,Harperlaie,Harperley,Harperlie,Harplie,Herperley,,,,,,,,,,,,,,,,,,,,,,,,,,,,,,,,,,,,
Harrigad,Harrygad,Harrigate,Harrigand,Harigold,Harrogad,Harrigold,Harrygold,Harrowgold,Harragold,Aireygold,Harregold,Harygold,Haygeld,,,,,,,,,,,,,,,,,,,,,,,,,,,,,,,,
Harrison,Arrasain,Hareson,Harison,Harisone,Harisonn,Harisonne,Harreson,Harresone,Harriesone,Harrisone,Harrisonn,Harrisonne,Harrisons,Harryson,Harrysone,Haryson,Harysonne,Harysson,Heireson,Hereison,Herinson,Herison,Herrerson,Herreson,Herresone,Herringson,Herrinson,Herrison,Herrisone,Herrisonne,Herrisson,Herryeson,Herryson,Herrysone,Heryesone,Heryson,Herysone,Herysonne,,,,,,,
Harrott,Harrat,Harret,Harrete,Harrett,Harat,Harrot,,,,,,,,,,,,,,,,,,,,,,,,,,,,,,,,,,,,,,,
Hart,Harte,Hearte,,,,,,,,,,,,,,,,,,,,,,,,,,,,,,,,,,,,,,,,,,,
Hartburn,Hartburne,Hartborne,Hartbourn,,,,,,,,,,,,,,,,,,,,,,,,,,,,,,,,,,,,,,,,,,
Hartforth,Hartfoorth,,,,,,,,,,,,,,,,,,,,,,,,,,,,,,,,,,,,,,,,,,,,
Hartis,Hartusse,,,,,,,,,,,,,,,,,,,,,,,,,,,,,,,,,,,,,,,,,,,,
Hartless,Hartles,,,,,,,,,,,,,,,,,,,,,,,,,,,,,,,,,,,,,,,,,,,,
Hartley,Hartlie,Harteley,,,,,,,,,,,,,,,,,,,,,,,,,,,,,,,,,,,,,,,,,,,
Harton,Harrton,,,,,,,,,,,,,,,,,,,,,,,,,,,,,,,,,,,,,,,,,,,,
Harvey,Harvie,Herve,Hervy,,,,,,,,,,,,,,,,,,,,,,,,,,,,,,,,,,,,,,,,,,
Harwood,Harworthe,,,,,,,,,,,,,,,,,,,,,,,,,,,,,,,,,,,,,,,,,,,,
Hascom,Hascum,,,,,,,,,,,,,,,,,,,,,,,,,,,,,,,,,,,,,,,,,,,,
Hasforth,Hasfurth,Hassfurth,,,,,,,,,,,,,,,,,,,,,,,,,,,,,,,,,,,,,,,,,,,
Hastings,Haistings,Haistens,Hassting,Hasty,Hastye,Hasy,,,,,,,,,,,,,,,,,,,,,,,,,,,,,,,,,,,,,,,
Hastson,Hastsonn,,,,,,,,,,,,,,,,,,,,,,,,,,,,,,,,,,,,,,,,,,,,
Haswell,Harswell,Hasswell,Hauswell,Hasell,,,,,,,,,,,,,,,,,,,,,,,,,,,,,,,,,,,,,,,,,
Haswitle,Haswithel,Haswerttel,Haswhitle,Haswhytle,,,,,,,,,,,,,,,,,,,,,,,,,,,,,,,,,,,,,,,,,
Hatch,Hatche,Hache,Hch,,,,,,,,,,,,,,,,,,,,,,,,,,,,,,,,,,,,,,,,,,
Hateley,Heightley,Hatley,Heatley,Heickley,Heickly,Heighkley,Heigkley,Heitley,Hightley,Hikely,Hughtly,Heckeley,,,,,,,,,,,,,,,,,,,,,,,,,,,,,,,,,
Hatfield,Hatfeeld,Haitfield,,,,,,,,,,,,,,,,,,,,,,,,,,,,,,,,,,,,,,,,,,,
Hathaway,Herthway,,,,,,,,,,,,,,,,,,,,,,,,,,,,,,,,,,,,,,,,,,,,
Hathwaite,Hawthwaite,Heathwaite,Haathwate,Haithwaite,Hathewate,Huthwaite,Husthwaite,Hathworth,Huthworth,Haythwaite,Outhwaite,Heatherwaite,Hethwaite,Heuthwaite,Hewfoot,Hewthwaite,Housewaite,Houthwaite,Howthwait,Howthwaite,Huethit,Hurthwaite,Hustwaite,Hustwick,Hustwit,Earthwaite,Hughfoot,,,,,,,,,,,,,,,,,,
Hatton,Haton,,,,,,,,,,,,,,,,,,,,,,,,,,,,,,,,,,,,,,,,,,,,
Hauxwell,Hawkswell,Axwell,Acxwell,,,,,,,,,,,,,,,,,,,,,,,,,,,,,,,,,,,,,,,,,,
Havelock,Havelocke,Havilock,,,,,,,,,,,,,,,,,,,,,,,,,,,,,,,,,,,,,,,,,,,
Haward,Hawwert,Hawd,Hawde,Haworth,Hawod,Hawood,Haywood,Heywarde,Howarth,Howithe,Howard,Howid,,,,,,,,,,,,,,,,,,,,,,,,,,,,,,,,,
Hawdon,Hawdone,Hawdonn,Hawdonne,Hawden,Hawdin,Hawarden,Haweden,Hawding,Herdon,Awdon,Howdon,Howdonne,Howden,,,,,,,,,,,,,,,,,,,,,,,,,,,,,,,,
Hawell,Harrell,Howell,Howle,Houle,Houll,,,,,,,,,,,,,,,,,,,,,,,,,,,,,,,,,,,,,,,,
Hawkins,Hawkin,Hawckyne,Hakens,,,,,,,,,,,,,,,,,,,,,,,,,,,,,,,,,,,,,,,,,,
Hawksby,Hauxby,Haxby,Axby,Axbey,,,,,,,,,,,,,,,,,,,,,,,,,,,,,,,,,,,,,,,,,
Hawksley,Hauxlye,Hawxley,Hawkslay,Hawekeslay,Hauxleye,Hauxslay,Hawckeslay,Hawckslay,Haxley,Hackesley,Axley,,,,,,,,,,,,,,,,,,,,,,,,,,,,,,,,,,
Hawkson,Hawkeson,,,,,,,,,,,,,,,,,,,,,,,,,,,,,,,,,,,,,,,,,,,,
Hawson,Hawsen,Hauson,Howson,Hawston,,,,,,,,,,,,,,,,,,,,,,,,,,,,,,,,,,,,,,,,,
Hawthorn,Hawthorne,,,,,,,,,,,,,,,,,,,,,,,,,,,,,,,,,,,,,,,,,,,,
Hawthornthwaite,Hawthorn-Thwaite,Harthornwaite,Hawthornthwaite,Haythornthwaite,,,,,,,,,,,,,,,,,,,,,,,,,,,,,,,,,,,,,,,,,
Hay,Haye,Haie,Hays,Hayes,,,,,,,,,,,,,,,,,,,,,,,,,,,,,,,,,,,,,,,,,
Haydon,Haidon,Hayton,Heyghton,Hayeton,,,,,,,,,,,,,,,,,,,,,,,,,,,,,,,,,,,,,,,,,
Hayne,Haine,Hayning,,,,,,,,,,,,,,,,,,,,,,,,,,,,,,,,,,,,,,,,,,,
Hayson,Hazen,Heyson,Hason,Haison,Hasen,Hasan,,,,,,,,,,,,,,,,,,,,,,,,,,,,,,,,,,,,,,,
Haythorpe,Haythrop,Hayropp,,,,,,,,,,,,,,,,,,,,,,,,,,,,,,,,,,,,,,,,,,,
Head,Heade,Heed,Heades,,,,,,,,,,,,,,,,,,,,,,,,,,,,,,,,,,,,,,,,,,
Headlam,Headlamb,Headlambe,Headlame,Headlem,Headlim,Headlom,Hedlam,Hedlambe,Hedlame,Hedlan,Hedlem,Hedlim,Hedlin,Hedlune,Heedlam,,,,,,,,,,,,,,,,,,,,,,,,,,,,,,
Heath,Heth,Eithe,,,,,,,,,,,,,,,,,,,,,,,,,,,,,,,,,,,,,,,,,,,
Heaton,Heatonne,Hetton,Heton,Hetonne,,,,,,,,,,,,,,,,,,,,,,,,,,,,,,,,,,,,,,,,,
Heavyside,Heaviside,Heavisyde,Heavisid,Heavisie,Haveside,Haveyside,Hevesyde,Hevised,Hevisid,Heviside,Hevisids,Hevisyd,Hevisyde,Hevyside,,,,,,,,,,,,,,,,,,,,,,,,,,,,,,,
Hebburn,Hebborn,,,,,,,,,,,,,,,,,,,,,,,,,,,,,,,,,,,,,,,,,,,,
Hebden,Hebdon,Hepton,Ebdon,Ebdin,Ebden,Ebton,Epton,,,,,,,,,,,,,,,,,,,,,,,,,,,,,,,,,,,,,,
Hebson,Hebsonne,,,,,,,,,,,,,,,,,,,,,,,,,,,,,,,,,,,,,,,,,,,,
Hector,Heccter,,,,,,,,,,,,,,,,,,,,,,,,,,,,,,,,,,,,,,,,,,,,
Heddon,Hedden,Heden,Hedon,Heidon,,,,,,,,,,,,,,,,,,,,,,,,,,,,,,,,,,,,,,,,,
Hedley,Hedleye,Hedlay,Hedlaye,Hedlie,Hedly,Hedlye,Headlaie,Headlay,Headley,Headleye,Headlie,Headlye,,,,,,,,,,,,,,,,,,,,,,,,,,,,,,,,,
Hedwin,Hedwine,Hedwing,Hedwyn,Hedwen,Haydwone,Hedren,Hedwed,,,,,,,,,,,,,,,,,,,,,,,,,,,,,,,,,,,,,,
Hedworth,Hedworthe,Headwourth,Hedworthy,,,,,,,,,,,,,,,,,,,,,,,,,,,,,,,,,,,,,,,,,,
Heek,Heeke,,,,,,,,,,,,,,,,,,,,,,,,,,,,,,,,,,,,,,,,,,,,
Heffeild,Hefeld,,,,,,,,,,,,,,,,,,,,,,,,,,,,,,,,,,,,,,,,,,,,
Hegg,Hegge,,,,,,,,,,,,,,,,,,,,,,,,,,,,,,,,,,,,,,,,,,,,
Heighington,Heighingtone,Heighinton,Heighintone,Heighintonn,Highentonn,Highington,Heghingtonn,Heiginton,Heyghington,,,,,,,,,,,,,,,,,,,,,,,,,,,,,,,,,,,,
Heighley,Heighly,Heigheleye,Helie,Heylie,Heyly,Highley,Haighley,haley,hailey,Heaughlley,Heigheley,Heighlay,Heigley,Heiley,Heyly,Highly,,,,,,,,,,,,,,,,,,,,,,,,,,,,,
Height,Hight,Highte,Heyght,,,,,,,,,,,,,,,,,,,,,,,,,,,,,,,,,,,,,,,,,,
Helbeck,Helbecke,Helbek,Helbeke,Helbyke,,,,,,,,,,,,,,,,,,,,,,,,,,,,,,,,,,,,,,,,,
Helcott,Helcotte,Helcot,Helcote,Helcoate,Helck,Helkotte,Hellcote,Holcot,Holcott,Holkotte,Halcote,elcot,elcoat,,,,,,,,,,,,,,,,,,,,,,,,,,,,,,,,
Helden,eldon,,,,,,,,,,,,,,,,,,,,,,,,,,,,,,,,,,,,,,,,,,,,
Helm,Helmne,,,,,,,,,,,,,,,,,,,,,,,,,,,,,,,,,,,,,,,,,,,,
Helmerow,Helmerowe,Helmerawe,Helmraw,,,,,,,,,,,,,,,,,,,,,,,,,,,,,,,,,,,,,,,,,,
Hemphill,Hemple,,,,,,,,,,,,,,,,,,,,,,,,,,,,,,,,,,,,,,,,,,,,
Hemsley,Hemsly,Hemslay,Helmsley,Hemeslaye,Hemesley,Hemeslie,,,,,,,,,,,,,,,,,,,,,,,,,,,,,,,,,,,,,,,
Henderson,Hendersonne,Henryson,handerson,enderson,,,,,,,,,,,,,,,,,,,,,,,,,,,,,,,,,,,,,,,,,
Hendry,Hendrye,Henry,Henrye,,,,,,,,,,,,,,,,,,,,,,,,,,,,,,,,,,,,,,,,,,
Henlock,Henlocke,,,,,,,,,,,,,,,,,,,,,,,,,,,,,,,,,,,,,,,,,,,,
Hepple,Heppell,Heipell,,,,,,,,,,,,,,,,,,,,,,,,,,,,,,,,,,,,,,,,,,,
Hepplewhite,Hebblethwaite,Hebblwaite,Hebelwaite,Hebleswhat,Hebleswith,Heblethwaite,Hebletwhat,Heblewaite,Heblewhaite,Heblewhaitt,Heblisthwat,Heplethwaite,Heplewaite,Heppelthwaite,Hepplesworth,Hepplethwaite,Hepplewait,Hepplewaite,Epplewhite,Ebblethwaite,Ebblewhite,Hebblewaite,Ablewhite,Appellwht,Applewhite,Ebbelwhite,Hibblethwaite,Hiblewaite,Hipplethwaite,,,,,,,,,,,,,,,,
Herbert,Harbert,Harberte,Harbart,Harbat,Harbar,Herber,Habart,,,,,,,,,,,,,,,,,,,,,,,,,,,,,,,,,,,,,,
Herd,Heard,Heord,Hoarde,Hird,Hirde,Hoid,Hurd,Hurde,Hyrde,hard,,,,,,,,,,,,,,,,,,,,,,,,,,,,,,,,,,,
Herdman,Heardman,Hirdman,Hurdman,Hyrdeman,Hyrdman,Hyrman,,,,,,,,,,,,,,,,,,,,,,,,,,,,,,,,,,,,,,,
Herdson,Hirdson,Hirdsonn,Hyrdson,Hertson,,,,,,,,,,,,,,,,,,,,,,,,,,,,,,,,,,,,,,,,,
Heron,Hearing,Hearinge,Hearin,Heering,Hearen,Haring,Hearon,Hearone,Hearonn,Hearan,Herron,Herrone,Herronn,Herronne,Herring,,,,,,,,,,,,,,,,,,,,,,,,,,,,,,
Hesek,Hessyk,Hesshyke,Hessyke,Hesyke,Heyshyk,Heysshyk,Heysshyke,Esake,Essyke,Eshyke,Ersecke,,,,,,,,,,,,,,,,,,,,,,,,,,,,,,,,,,
Hesleden,Heslerton,Hesslden,Haselton,Hasiltine,Hasleton,Hasyleton,Hayselton,Hazelton,Hazleton,Hazzleton,Heazelton,Heseltine,Heselton,Hesletine,Hesleton,Heslton,Hesselton,Hessleton,Oselton,Asleton,Heseldon,Heselentine,Heseleton,Hessilton,Oseleton,Osleton,,,,,,,,,,,,,,,,,,,
Heslington,Heselingeton,Hazlington,Eslington,Erslington,Heaslington,Heselentine,Heselingeton,Heslingdon,Heslintine,,,,,,,,,,,,,,,,,,,,,,,,,,,,,,,,,,,,
Heslop,Heslope,Heslopp,Hesloppe,Helsoppe,Hesselip,Hesslopp,,,,,,,,,,,,,,,,,,,,,,,,,,,,,,,,,,,,,,,
Hett,Hette,Het,,,,,,,,,,,,,,,,,,,,,,,,,,,,,,,,,,,,,,,,,,,
Hettel,Hettell,Heddle,,,,,,,,,,,,,,,,,,,,,,,,,,,,,,,,,,,,,,,,,,,
Hewitson,Hewetson,Hewetsone,Hewetsonn,Hewetsonne,Hewettson,Hewartson,Hewatson,Hewitson,Hewytson,Hewytsone,Hewison,Hueteson,Huetson,Hughetson,Huhetson,Huitson,Howetson,Huwedson,Huwytson,Hwetson,Huytson,Huytsone,Hewtitson,Hewson,Huysone,hewison,Husen,Huson,Hussen,Hussan,Hussin,Husson,Hussons,,,,,,,,,,,,
Hewitt,Hewett,Hewet,Hewart,Heawet,Hewytt,Howitte,Huart,Huet,Huyt,Huytt,,,,,,,,,,,,,,,,,,,,,,,,,,,,,,,,,,,
Hewlett,Houlat,Houlett,Houlette,,,,,,,,,,,,,,,,,,,,,,,,,,,,,,,,,,,,,,,,,,
Heworth,Hewerth,hayworth,Hurworth,Hurwoorth,Hurwith,,,,,,,,,,,,,,,,,,,,,,,,,,,,,,,,,,,,,,,,
Hewton,Huytone,,,,,,,,,,,,,,,,,,,,,,,,,,,,,,,,,,,,,,,,,,,,
Hiard,Hiad,,,,,,,,,,,,,,,,,,,,,,,,,,,,,,,,,,,,,,,,,,,,
Hickson,Hicksone,Hicson,Hicsone,Hicesone,Hixson,Hixon,Hyceson,Hycksone,Hycson,Hyxson,,,,,,,,,,,,,,,,,,,,,,,,,,,,,,,,,,,
High,Highe,Heighe,,,,,,,,,,,,,,,,,,,,,,,,,,,,,,,,,,,,,,,,,,,
Highcroft,Highcraft,,,,,,,,,,,,,,,,,,,,,,,,,,,,,,,,,,,,,,,,,,,,
Highfield,Heighfeild,Heigfeild,Heighfield,Hyfield,,,,,,,,,,,,,,,,,,,,,,,,,,,,,,,,,,,,,,,,,
Hildreth,Hildrethe,Hidreth,Hyldreth,Hyldrethe,hildred,,,,,,,,,,,,,,,,,,,,,,,,,,,,,,,,,,,,,,,,
Hill,Hille,Hyll,Hylles,Hylls,hills,,,,,,,,,,,,,,,,,,,,,,,,,,,,,,,,,,,,,,,,
Hillyard,Hilyard,Hiliard,Hyllyard,,,,,,,,,,,,,,,,,,,,,,,,,,,,,,,,,,,,,,,,,,
Hilton,Hillton,Hiltonn,Hylton,,,,,,,,,,,,,,,,,,,,,,,,,,,,,,,,,,,,,,,,,,
Hind,Hinde,Hynd,Hynde,Hyne,,,,,,,,,,,,,,,,,,,,,,,,,,,,,,,,,,,,,,,,,
Hindmarsh,Hindmares,Hindmars,Hindmas,Hindmers,Hindmersh,Hindmasse,Hindms,Hinemers,Hinmars,Hinmers,Hinmus,Hindemers,Himners,Himus,Hymers,Hymners,Hyndmars,Hyndmarsh,Hyndmere,Hyndmers,Hynemers,Hynmas,Hynmers,Hynmus,hindmarch,hymas,,,,,,,,,,,,,,,,,,,
Hindmaugh,Hyndmaugh,,,,,,,,,,,,,,,,,,,,,,,,,,,,,,,,,,,,,,,,,,,,
Hindson,Hindsonne,Hyndson,Himson,Hynson,Hymneson,Hintson,,,,,,,,,,,,,,,,,,,,,,,,,,,,,,,,,,,,,,,
Hinton,Hynton,,,,,,,,,,,,,,,,,,,,,,,,,,,,,,,,,,,,,,,,,,,,
Hive,Hyve,,,,,,,,,,,,,,,,,,,,,,,,,,,,,,,,,,,,,,,,,,,,
Hobkirk,Hobkirke,Hobkyrk,Hopkirk,Abkirk,,,,,,,,,,,,,,,,,,,,,,,,,,,,,,,,,,,,,,,,,
Hobson,Hobsone,Hobsonn,Hobsonne,Howbsone,,,,,,,,,,,,,,,,,,,,,,,,,,,,,,,,,,,,,,,,,
Hockley,Horckeley,Horickley,,,,,,,,,,,,,,,,,,,,,,,,,,,,,,,,,,,,,,,,,,,
Hodge,Hodg,Hodges,Hodgh,Hodgs,Hoodge,,,,,,,,,,,,,,,,,,,,,,,,,,,,,,,,,,,,,,,,
Hodgeman,Hudgeman,,,,,,,,,,,,,,,,,,,,,,,,,,,,,,,,,,,,,,,,,,,,
Hodgkinson,Huskinson,Huskisson,hodkinson,,,,,,,,,,,,,,,,,,,,,,,,,,,,,,,,,,,,,,,,,,
Hodgson,Hodgsonn,Hodgsonne,Hodgshon,Hodgshone,Hodgshonne,Hodshon,Hodgeon,Hodgeshon,Hodgeson,Hodgesonne,Hodgessonne,Hodghsonn,Hodgon,Hochen,Hochisson,Hochon,Hochyn,Hocheson,Hodchon,Hoghesson,Hoghson,Hoghsonn,Hogsonn,Hoidghson,Hoshone,Hoshonne,Houdshonn,Hotchen,,,,,,,,,,,,,,,,,
Hogg,Hogge,Hog,Howge,,,,,,,,,,,,,,,,,,,,,,,,,,,,,,,,,,,,,,,,,,
Hoggard,Hogard,Hoggart,Hoggerde,hogarth,hogget,Hoggitt,Hoggarth,Haggett,Haughart,Haygarth,Heggit,Higgart,Hodgets,Hodgetts,Hodggett,Hogart,Hogat,Hogate,Hogerth,Hoget,Hoggartt,Hoggat,Hoggate,Hoggath,Hoggatt,Hoggerde,Hoggert,Hoggeth,Hoggett,Hoggit,Hoggitt,Hoggot,Hoogart,Hougarth,Howgarth,Huggart,Huggate,Hugget,Huggert,Huggeth,Huggett,Huggit,Huggitt,Ogatt,Haggard
Holborn,Holburne,Howborne,Howbourne,Howebourn,howburn,Houlborne,Houlburn,Alborn,Albarn,Alburn,Alburne,,,,,,,,,,,,,,,,,,,,,,,,,,,,,,,,,,
Holden,Houlden,Houldon,,,,,,,,,,,,,,,,,,,,,,,,,,,,,,,,,,,,,,,,,,,
Holder,Houlder,,,,,,,,,,,,,,,,,,,,,,,,,,,,,,,,,,,,,,,,,,,,
Holdsworth,Houldsworth,Howdsworth,Houlderworth,Houlsworth,,,,,,,,,,,,,,,,,,,,,,,,,,,,,,,,,,,,,,,,,
Holgate,Holgat,Houlgate,Howlgate,,,,,,,,,,,,,,,,,,,,,,,,,,,,,,,,,,,,,,,,,,
Holiday,Holidaye,Holliday,Hollyday,Hollydaye,Hoildays,Holyday,Halliday,Hallidaye,Halidaye,Halidai,Hallyday,Alderdaye,,,,,,,,,,,,,,,,,,,,,,,,,,,,,,,,,
Holiman,Halliman,Hallyman,Halloman,Halleman,Haleyman,Halyman,Hallaman,Hallamen,Hallman,olliman,ollaman,Haleman,Hallimond,Hollaman,Hollerman,Hollowman,Hollyman,Holyman,Olaman,Oliman,Olimant,Olimond,Ollerman,Ollman,Olloman,Ollowman,Ollyman,Oloman,Ullaman,,,,,,,,,,,,,,,,
Holliss,Hollise,Hollis,Holis,Holice,Holin,Hollen,Holles,Hollin,,,,,,,,,,,,,,,,,,,,,,,,,,,,,,,,,,,,,
Holliwell,Hallewell,Hallywell,Halywall,Holiwell,halliwell,,,,,,,,,,,,,,,,,,,,,,,,,,,,,,,,,,,,,,,,
Holmes,Holms,Holme,Holm,Hulme,Home,,,,,,,,,,,,,,,,,,,,,,,,,,,,,,,,,,,,,,,,
Holson,Houlson,,,,,,,,,,,,,,,,,,,,,,,,,,,,,,,,,,,,,,,,,,,,
Holt,Howlt,Hoult,Halt,Hought,Houlte,Hult,,,,,,,,,,,,,,,,,,,,,,,,,,,,,,,,,,,,,,,
Holworth,Holdsworth,Holdworth,,,,,,,,,,,,,,,,,,,,,,,,,,,,,,,,,,,,,,,,,,,
Hood,Hoode,Hoad,Hudd,Hude,Hould,Howd,Hawde,Houd,Houde,Howde,Howld,,,,,,,,,,,,,,,,,,,,,,,,,,,,,,,,,,
Hoodless,Hoodlesse,Hoodles,Hoodlass,,,,,,,,,,,,,,,,,,,,,,,,,,,,,,,,,,,,,,,,,,
Hook,Hooke,Houke,,,,,,,,,,,,,,,,,,,,,,,,,,,,,,,,,,,,,,,,,,,
Hoolihan,Houlahan,Holohan,,,,,,,,,,,,,,,,,,,,,,,,,,,,,,,,,,,,,,,,,,,
Hooper,Hoope,Hoopp,Hooppe,Houp,Howpe,Howppe,,,,,,,,,,,,,,,,,,,,,,,,,,,,,,,,,,,,,,,
Hopper,Hoper,Hopp,Hoppe,,,,,,,,,,,,,,,,,,,,,,,,,,,,,,,,,,,,,,,,,,
Hopps,Hopperis,Hopse,,,,,,,,,,,,,,,,,,,,,,,,,,,,,,,,,,,,,,,,,,,
Hopsom,Hopsam,,,,,,,,,,,,,,,,,,,,,,,,,,,,,,,,,,,,,,,,,,,,
Horden,Hordon,Hordone,,,,,,,,,,,,,,,,,,,,,,,,,,,,,,,,,,,,,,,,,,,
Hornby,Hornbe,Hornebie,Hornebye,,,,,,,,,,,,,,,,,,,,,,,,,,,,,,,,,,,,,,,,,,
Horne,Horn,,,,,,,,,,,,,,,,,,,,,,,,,,,,,,,,,,,,,,,,,,,,
Horner,Hornere,,,,,,,,,,,,,,,,,,,,,,,,,,,,,,,,,,,,,,,,,,,,
Hornsby,Hornsbye,Hornesbie,Hornesby,Hornesbye,Hornsbe,Hornsbey,ornsby,,,,,,,,,,,,,,,,,,,,,,,,,,,,,,,,,,,,,,
Hornsyde,hornside,,,,,,,,,,,,,,,,,,,,,,,,,,,,,,,,,,,,,,,,,,,,
Horsby,Horsebey,,,,,,,,,,,,,,,,,,,,,,,,,,,,,,,,,,,,,,,,,,,,
Horsley,Horseley,Horselie,Horsely,Horslay,Horslie,Horsly,Horslye,Horsoleye,Herselye,,,,,,,,,,,,,,,,,,,,,,,,,,,,,,,,,,,,
Hoskins,Huskin,,,,,,,,,,,,,,,,,,,,,,,,,,,,,,,,,,,,,,,,,,,,
Houghton,Houghtonn,Haughtonn,Hawghtonn,Howghton,,,,,,,,,,,,,,,,,,,,,,,,,,,,,,,,,,,,,,,,,
Houliston,Hochliston,Houleston,Houlison,Houlston,Howliston,Hullistone,Hurliston,,,,,,,,,,,,,,,,,,,,,,,,,,,,,,,,,,,,,,
Houlsby,Houslby,Houslsby,Holdsby,Holesby,Holsby,Hoosby,Houlby,Houldsby,Houlsbie,Houltby,Housby,Howlsby,Hulsby,,,,,,,,,,,,,,,,,,,,,,,,,,,,,,,,
Houseman,Haussman,Hausemann,Husemann,Husman,Huzieman,,,,,,,,,,,,,,,,,,,,,,,,,,,,,,,,,,,,,,,,
How,Howe,,,,,,,,,,,,,,,,,,,,,,,,,,,,,,,,,,,,,,,,,,,,
Howardson,Howdsonn,,,,,,,,,,,,,,,,,,,,,,,,,,,,,,,,,,,,,,,,,,,,
Howey,Howyey,,,,,,,,,,,,,,,,,,,,,,,,,,,,,,,,,,,,,,,,,,,,
Howfield,Howrfeld,,,,,,,,,,,,,,,,,,,,,,,,,,,,,,,,,,,,,,,,,,,,
Hoyt,Hoite,,,,,,,,,,,,,,,,,,,,,,,,,,,,,,,,,,,,,,,,,,,,
Hubbard,Hubard,Hubarde,,,,,,,,,,,,,,,,,,,,,,,,,,,,,,,,,,,,,,,,,,,
Hubble,Huble,,,,,,,,,,,,,,,,,,,,,,,,,,,,,,,,,,,,,,,,,,,,
Hubbuck,Hubbock,Hubbocke,Hubboc,Hubhok,Hubhoke,Hublock,Hoplock,,,,,,,,,,,,,,,,,,,,,,,,,,,,,,,,,,,,,,
Huddle,Hudle,,,,,,,,,,,,,,,,,,,,,,,,,,,,,,,,,,,,,,,,,,,,
Hudsmaugh,Hudsmaughe,Hudsmawgth,Hudsemaugh,Hodsmaugh,Hoodesmaughe,Houdsmaughe,,,,,,,,,,,,,,,,,,,,,,,,,,,,,,,,,,,,,,,
Hudson,Hudsone,Hudsonn,Hudsonne,Hudeson,Hutson,,,,,,,,,,,,,,,,,,,,,,,,,,,,,,,,,,,,,,,,
Hudspeth,Hudspethe,Hudspith,Hudspithe,Hudspet,Hudespethe,Hoodspethe,Hewsbeth,Husbeth,Husebeth,Huspeth,,,,,,,,,,,,,,,,,,,,,,,,,,,,,,,,,,,
Hughes,Huse,hews,hewes,hughs,,,,,,,,,,,,,,,,,,,,,,,,,,,,,,,,,,,,,,,,,
Hughf,Hughff,Heuf,Heugh,Hewgh,Hewghe,Hughe,Heughf,Heughff,Hewf,Hoff,Huff,Hoof,Houghff,Hufe,Hugh,,,,,,,,,,,,,,,,,,,,,,,,,,,,,,
Hugill,Hugall,Hugell,Hewgill,Hergell,Howgell,Howghyll,Howgill,Houghelt,,,,,,,,,,,,,,,,,,,,,,,,,,,,,,,,,,,,,
Hull,Hulle,,,,,,,,,,,,,,,,,,,,,,,,,,,,,,,,,,,,,,,,,,,,
Humble,Homble,,,,,,,,,,,,,,,,,,,,,,,,,,,,,,,,,,,,,,,,,,,,
Humphrey,Humfrey,Umfray,Umfraye,Humfraie,Humfray,Humfrea,Humphries,Umffraie,Umfra,Umphrey,Umfraw,Umfrey,Umpherer,Umphery,Umphra,Umphrah,Umphray,Umphrays,Umphrey,Umphreys,Umphry,Umphus,Umphraie,,,,,,,,,,,,,,,,,,,,,,
Humphreyson,Humfreson,,,,,,,,,,,,,,,,,,,,,,,,,,,,,,,,,,,,,,,,,,,,
Humpish,Umpage,Umpatch,Umpatch,Umphus,Umpish,humpatch,,,,,,,,,,,,,,,,,,,,,,,,,,,,,,,,,,,,,,,
Hunsworth,Unsworth,,,,,,,,,,,,,,,,,,,,,,,,,,,,,,,,,,,,,,,,,,,,
Hunt,Hunte,Huntt,,,,,,,,,,,,,,,,,,,,,,,,,,,,,,,,,,,,,,,,,,,
Hunter,Hunnter,Huntter,,,,,,,,,,,,,,,,,,,,,,,,,,,,,,,,,,,,,,,,,,,
Huntershell,Huntershells,Huntersheells,Huntershall,Huntershielde,Huntershield,,,,,,,,,,,,,,,,,,,,,,,,,,,,,,,,,,,,,,,,
Huntington,Huntinton,huntingdon,,,,,,,,,,,,,,,,,,,,,,,,,,,,,,,,,,,,,,,,,,,
Huntley,Huntlie,Huntly,Huntlye,Hunteley,,,,,,,,,,,,,,,,,,,,,,,,,,,,,,,,,,,,,,,,,
Hunton,Huntonn,,,,,,,,,,,,,,,,,,,,,,,,,,,,,,,,,,,,,,,,,,,,
Hurst,Hyrst,Hyrste,Hirst,Hearst,,,,,,,,,,,,,,,,,,,,,,,,,,,,,,,,,,,,,,,,,
Husband,Hosbande,Horsband,Husbands,Osband,,,,,,,,,,,,,,,,,,,,,,,,,,,,,,,,,,,,,,,,,
Huscroft,Housecroft,Huscoft,Husecroft,Husgroft,Huskrofft,Huskroft,Hustcroft,Uscroft,,,,,,,,,,,,,,,,,,,,,,,,,,,,,,,,,,,,,
Husdell,Housdale,Husdale,Husdel,Husdill,Usdale,,,,,,,,,,,,,,,,,,,,,,,,,,,,,,,,,,,,,,,,
Husdons,Husdens,,,,,,,,,,,,,,,,,,,,,,,,,,,,,,,,,,,,,,,,,,,,
Hush,Huish,Ush,,,,,,,,,,,,,,,,,,,,,,,,,,,,,,,,,,,,,,,,,,,
Husk,Huske,,,,,,,,,,,,,,,,,,,,,,,,,,,,,,,,,,,,,,,,,,,,
Hussack,Hossack,Hasack,Houssick,Husick,Husig,Husik,Hussick,Hussock,,,,,,,,,,,,,,,,,,,,,,,,,,,,,,,,,,,,,
Hussey,Hussee,Hussie,Husye,Heusie,Husaye,Husey,Hussay,Husse,Hussy,Husye,Ussey,Ussie,,,,,,,,,,,,,,,,,,,,,,,,,,,,,,,,,
Hustler,Usler,Hosler,Husler,Hussler,Oastler,Ostler,Ustler,,,,,,,,,,,,,,,,,,,,,,,,,,,,,,,,,,,,,,
Huston,houston,Hustan,Hustin,,,,,,,,,,,,,,,,,,,,,,,,,,,,,,,,,,,,,,,,,,
Husworth,Usworth,,,,,,,,,,,,,,,,,,,,,,,,,,,,,,,,,,,,,,,,,,,,
Hutchinson,Houchisonn,Huchanson,Huchansonne,Hucheinson,Hucheson,Huchesone,Huchesonn,Huchesonne,Huchesson,Hucheyson,Huchingson,Huchinson,Huchison,Huchynson,Huchyson,Hutchenson,Hutcheson,Hutcheson,Hutchesone,Hutchesonn,Hutchesonne,Hutchinsonn,Hutchison,Hutchisonn,Hutchisonne,Hutchson,Hutchyson,Utchinson,,,,,,,,,,,,,,,,,
Huthard,Hewthard,Hotherd,Husthard,Husard,Hussard,,,,,,,,,,,,,,,,,,,,,,,,,,,,,,,,,,,,,,,,
Hutton,Huttonn,Huttonne,Huton,Hutone,Hutonn,Hutonne,,,,,,,,,,,,,,,,,,,,,,,,,,,,,,,,,,,,,,,
