Babington,Babbingeton,Babyngton,Bavington,,,,,,,,,,,,,,,,,,,,,,,,,,,,,,,,,,,,,,,,,,,,,,,,,,,
Bacchus,backus,Baccus,Bakehouse,Bachus,Backas,Backes,Backhinse,Backhous,Backhouse,Backhurst,Bakas,Bakhouse,Beckhouse,,,,,,,,,,,,,,,,,,,,,,,,,,,,,,,,,,,,,,,,,
Bachelor,Batchler,Batcheldor,Batcheler,Batchelor,Batchlor,,,,,,,,,,,,,,,,,,,,,,,,,,,,,,,,,,,,,,,,,,,,,,,,,
Backe,back,Beck,Becke,Beke,Backie,Balk,Baulke,baulk,,,,,,,,,,,,,,,,,,,,,,,,,,,,,,,,,,,,,,,,,,,,,,
Backworth,Backwarde,Beckwith,Bekeworth,beckworth,backwith,Backrath,Backward,Backwoorthe,Bagworth,,,,,,,,,,,,,,,,,,,,,,,,,,,,,,,,,,,,,,,,,,,,,
Buchanan,Backahanan,Backwhanan,Bacanan,Bewcannon,Bloucanen,Bloucannen,Blowcanen,Bouchanan,Bucannon,Bucanon,Buccanan,Buccannan,Buccannon,Buchanah,Buchanhan,Buchannan,Buchannen,Buchanner,Buchannon,Buchanon,Buckanan,Buckannan,Buckhanan,Buckhannan,Buckhannon,,,,,,,,,,,,,,,,,,,,,,,,,,,,,
Buchan,Buckan,Buckarn,Buckham,Buckhan,Buckin,Buckins,Buckon,,,,,,,,,,,,,,,,,,,,,,,,,,,,,,,,,,,,,,,,,,,,,,,
Bacon,Bakon,Backan,Backen,Backon,Backone,,,,,,,,,,,,,,,,,,,,,,,,,,,,,,,,,,,,,,,,,,,,,,,,,
Bailes,Baills,Bailles,Bayles,Bails,Bales,Bayls,,,,,,,,,,,,,,,,,,,,,,,,,,,,,,,,,,,,,,,,,,,,,,,,
Bailie,Baylie,Bayley,Baylay,Bayly,Baylyay,Baylye,Baylzay,Balie,Bailiff,Baylif,Bayliffe,Balife,Bailife,Belly,Billie,Billye,Byllie,Byllye,,,,,,,,,,,,,,,,,,,,,,,,,,,,,,,,,,,,
Bainbridge,Bainbrigg,Bainbrige,Bainbrigge,Bainebrigg,Bainbrydge,Bainebrige,Bainbrig,Bambrig,Baimbridg,Baimbrig,Baimbrige,Baimbrigg,Bambridg,Bambridge,Bambrige,Banbrigge,Bambrigg,Bannbrige,Baynbridge,Baynbrydge,Baynbryge,Baynebrige,Banbrig,Banbrydge,Baynbrige,Baynbryg,Baynbrygge,Baynebrege,Baynbrek,Baynbrick,Banbryke,Baynbryke,Banbrege,Bainbrick,Bainbricke,Bambredge,Bambrich,Bambrick,Bambricke,Bambrik,,,,,,,,,,,,,,
Baines,Bains,Baynes,Bayns,Banes,Baine,Bayness,Bayne,Bayiens,,,,,,,,,,,,,,,,,,,,,,,,,,,,,,,,,,,,,,,,,,,,,,
Baird,Bairde,Bayeard,bayard,beard,Bairde,Bairds,Bard,Bards,Bayerd,Bayord,Bayrd,Beiad,Beird,Board,,,,,,,,,,,,,,,,,,,,,,,,,,,,,,,,,,,,,,,,
Bleasdale,Baisdaill,baisdale,Beasdale,Bleastell,Brysdale,Busdell,,,,,,,,,,,,,,,,,,,,,,,,,,,,,,,,,,,,,,,,,,,,,,,,
Baister,baster,bastow,Baestter,Baseter,Bastter,Bayster,Bearster,Beaster,Beasters,Bester,Bister,Boaster,Boister,Bowester,,,,,,,,,,,,,,,,,,,,,,,,,,,,,,,,,,,,,,,,
Baker,Baiker,Backer,,,,,,,,,,,,,,,,,,,,,,,,,,,,,,,,,,,,,,,,,,,,,,,,,,,,
Valvard,Balbard,,,,,,,,,,,,,,,,,,,,,,,,,,,,,,,,,,,,,,,,,,,,,,,,,,,,,
Balford,Balfour,,,,,,,,,,,,,,,,,,,,,,,,,,,,,,,,,,,,,,,,,,,,,,,,,,,,,
Bamborough,Bambrough,Bambroughe,Banborough,Bamburgh,Baimborough,Bainbrough,Balarnbrough,Balmborough,Balmbra,Balmbro,Balmbrough,Balmbrugh,Balmebrough,Bambar,Bambarah,Bamber,Bamberger,Bamberry,Bambery,Bambury,Bamborah,Bamboro,Bamborow,Bamborrow,Bamboura,Bambourgh,Bambourough,Bambra,Bambray,Bambrey,Bambro,Bambroh,Bambrouge,Bambrow,Bambrugh,Bambry,Bamburg,Bamburgh,Bamer,Bammer,Bamra,Bamray,Bamrough,Bamru,Banborrow,Banbrouge,Banbrough,Bandbrough,Barnborough,Baumbrough,Bawmbrough,Bawmebrough,Brambrough,Brambur
Bamford,Balmford,Barmford,Balmforth,Bamfit,Bamforth,Bampford,Banford,Barnford,Barnsford,Bomford,Bainford,Bainforth,Bainsforth,,,,,,,,,,,,,,,,,,,,,,,,,,,,,,,,,,,,,,,,,
Baney,Banie,banney,Beaney,Bainey,Beanee,Beanie,Beanny,Beany,Beeney,Beenie,Beeny,Beiney,Beinie,Bene,Beney,Benie,Benney,Bennie,Benny,Binie,Binnee,Binney,Binnie,,,,,,,,,,,,,,,,,,,,,,,,,,,,,,,
Banyard,Bannyard,Baniard,,,,,,,,,,,,,,,,,,,,,,,,,,,,,,,,,,,,,,,,,,,,,,,,,,,,
Banister,Bannister,Banester,,,,,,,,,,,,,,,,,,,,,,,,,,,,,,,,,,,,,,,,,,,,,,,,,,,,
Banks,Bancks,Bankes,Banckes,Banke,,,,,,,,,,,,,,,,,,,,,,,,,,,,,,,,,,,,,,,,,,,,,,,,,,
Bantrie,Bantree,,,,,,,,,,,,,,,,,,,,,,,,,,,,,,,,,,,,,,,,,,,,,,,,,,,,,
Baptist,babtist,,,,,,,,,,,,,,,,,,,,,,,,,,,,,,,,,,,,,,,,,,,,,,,,,,,,,
Barber,Barbar,,,,,,,,,,,,,,,,,,,,,,,,,,,,,,,,,,,,,,,,,,,,,,,,,,,,,
Barge,Bardge,Bargs,,,,,,,,,,,,,,,,,,,,,,,,,,,,,,,,,,,,,,,,,,,,,,,,,,,,
Bargewell,Bargewill,Badgwell,Bargwell,,,,,,,,,,,,,,,,,,,,,,,,,,,,,,,,,,,,,,,,,,,,,,,,,,,
Barehead,Buried,Bairhead,,,,,,,,,,,,,,,,,,,,,,,,,,,,,,,,,,,,,,,,,,,,,,,,,,,,
Barrowfoot,Barforth,Bawforth,Bawforthe,Bawfforthe,barfoot,Baraffoute,Barrowfoot,Barafoot,Barafoote,Barafoute,Barefoot,Barfort,Barford,Barowford,Barrafoot,Barraford,Barrafore,Barraforth,Barrofoot,Barroford,Barrowford,Barrowfoott,Barrowforth,Burford,,,,,,,,,,,,,,,,,,,,,,,,,,,,,,
Barrasford,Barasford,Baresford,Barisford,Beresford,Barrassford,Barresford,Barrisford,Barrowsford,Barsford,Bersford,Bursford,,,,,,,,,,,,,,,,,,,,,,,,,,,,,,,,,,,,,,,,,,,
Bargate,Bargait,Barget,Bargett,Barket,Bergett,Bardget,Bardgett,Bargat,Bargitt,Barregatt,Barrogate,,,,,,,,,,,,,,,,,,,,,,,,,,,,,,,,,,,,,,,,,,,
Bygate,Bygod,Bigat,Bigett,Biggart,Bigget,Biggit,Biggot,Bighet,Bigot,Bigott,Byegate,Bygaite,Bygett,Bygot,Bygott,,,,,,,,,,,,,,,,,,,,,,,,,,,,,,,,,,,,,,,
Bridgate,Bridgett,,,,,,,,,,,,,,,,,,,,,,,,,,,,,,,,,,,,,,,,,,,,,,,,,,,,,
Barke,Bark,,,,,,,,,,,,,,,,,,,,,,,,,,,,,,,,,,,,,,,,,,,,,,,,,,,,,
Barker,Barkar,,,,,,,,,,,,,,,,,,,,,,,,,,,,,,,,,,,,,,,,,,,,,,,,,,,,,
Barkas,Barkus,Barchus,Barkusse,Barcasse,Barcus,Barckes,Bargs,barkhouse,Barckhouse,bargus,Bakerss,Barcas,Barcase,Barcass,Barckas,Barckasse,Barckas,Barckus,Barckouss,Barkase,Barkass,Barkasse,Barkeass,Barkeoss,Barkers,Barkes,Barkess,Barkhose,Barkis,Barkiss,Barks,Berkhouse,,,,,,,,,,,,,,,,,,,,,,
Barley,Barlye,Barlay,Barlaye,,,,,,,,,,,,,,,,,,,,,,,,,,,,,,,,,,,,,,,,,,,,,,,,,,,
Barlow,Barloe,,,,,,,,,,,,,,,,,,,,,,,,,,,,,,,,,,,,,,,,,,,,,,,,,,,,,
Barnaby,Barnebie,Bornbye,Burnebye,Barnabe,Barmby,Barnabe,Parnaby,Barnby,Barnby,Burnbye,,,,,,,,,,,,,,,,,,,,,,,,,,,,,,,,,,,,,,,,,,,,
Barnard,Bernard,Barnet,Barnett,Burnet,Burnett,,,,,,,,,,,,,,,,,,,,,,,,,,,,,,,,,,,,,,,,,,,,,,,,,
Barnes,Barns,Barness,,,,,,,,,,,,,,,,,,,,,,,,,,,,,,,,,,,,,,,,,,,,,,,,,,,,
Barnfather,Barnefather,Barneforth,Barnafach,Bainfathers,Bairnfather,Banfather,Barnfarther,Barnffather,Barnforth,Barrnfather,Bonfather,Bransfather,,,,,,,,,,,,,,,,,,,,,,,,,,,,,,,,,,,,,,,,,,
Barnwell,Bornwell,,,,,,,,,,,,,,,,,,,,,,,,,,,,,,,,,,,,,,,,,,,,,,,,,,,,,
Baron,barron,barren,,,,,,,,,,,,,,,,,,,,,,,,,,,,,,,,,,,,,,,,,,,,,,,,,,,,
Barras,Barress,Barres,Barrese,Baris,,,,,,,,,,,,,,,,,,,,,,,,,,,,,,,,,,,,,,,,,,,,,,,,,,
Barry,Barrye,Barrey,Barrie,Barray,Barye,Berry,Berrye,,,,,,,,,,,,,,,,,,,,,,,,,,,,,,,,,,,,,,,,,,,,,,,
Barty,Bartay,Bardy,Barday,Bardey,Bardie,Bardye,Barde,Bartys,Bartey,Bartie,,,,,,,,,,,,,,,,,,,,,,,,,,,,,,,,,,,,,,,,,,,,
Bartle,Barkle,Bartel,Bartell,Bartil,Bartill,Bartl,Bartles,Burtels,Burtle,,,,,,,,,,,,,,,,,,,,,,,,,,,,,,,,,,,,,,,,,,,,,
Barton,Bartonn,Bartton,Burton,Burtone,Burtonn,Borton,,,,,,,,,,,,,,,,,,,,,,,,,,,,,,,,,,,,,,,,,,,,,,,,
Bartram,Bartrome,Berthram,Bartlam,Bardam,bertram,Baltrim,Baltrum,Bartam,Barteram,Barterham,Barterman,Bartesham,Bartham,Barthern,Barthram,Barthrom,Barthrum,Bartime,Bartraim,Bartlem,Bartlom,Bartrem,Bartrim,Bartrin,Bartrum,Barttaram,Barttram,Bateram,Batram,Batrim,Batterim,Battram,Battrim,Battrum,Bautheram,Bawtram,Beartram,Bertham,Berthom,Bertrand,Bertrem,Bertrim,Burtholm,Burtom,Burtram,,,,,,,,,
Barwick,Barwicke,Barwycke,Barwyke,Barricke,Berwick,Berreck,,,,,,,,,,,,,,,,,,,,,,,,,,,,,,,,,,,,,,,,,,,,,,,,
Basnet,Basnett,Bassnet,Bassnett,,,,,,,,,,,,,,,,,,,,,,,,,,,,,,,,,,,,,,,,,,,,,,,,,,,
Bateman,Bathman,Batman,baitman,betman,,,,,,,,,,,,,,,,,,,,,,,,,,,,,,,,,,,,,,,,,,,,,,,,,,
Bates,Baytes,Bayts,Baites,Baetes,Baets,Baits,Beates,Baite,Bayte,,,,,,,,,,,,,,,,,,,,,,,,,,,,,,,,,,,,,,,,,,,,,
Bateson,Baytson,Bayteson,Batsonn,Bedson,Betson,Betsone,Betsonne,Bettson,Bettsone,,,,,,,,,,,,,,,,,,,,,,,,,,,,,,,,,,,,,,,,,,,,,
Batey,Baytie,beatty,beattie,baty,batty,,,,,,,,,,,,,,,,,,,,,,,,,,,,,,,,,,,,,,,,,,,,,,,,,
Bath,Bathie,Bayth,Bathe,,,,,,,,,,,,,,,,,,,,,,,,,,,,,,,,,,,,,,,,,,,,,,,,,,,
Batmanson,Batmayson,Batmaison,Baitmason,Batmeson,Battmison,Baytmason,Baytmayson,Betmanson,Betmeson,Betmison,Beatmason,Baitmason,Batamson,Batemanson,Bathemson,Batmason,Batmasson,Batmesson,Batminson,Batmison,Batmisson,Battamson,Battersman,Battinson,Battisman,Battmanson,Battmeson,Battmison,Battmisson,Battmyson,,,,,,,,,,,,,,,,,,,,,,,,
Battersby,Battensby,Bawterbie,Batensby,Batersby,Bathursby,Batonsby,Battarsby,Battenby,Battensbee,Battersbie,Battesbey,Battinsby,Battlesby,Battonsby,Bottonsby,Pattenby,,,,,,,,,,,,,,,,,,,,,,,,,,,,,,,,,,,,,,
Baughton ,Boughton,,,,,,,,,,,,,,,,,,,,,,,,,,,,,,,,,,,,,,,,,,,,,,,,,,,,,
Bawcocke,Bawcok,Bawcoke,,,,,,,,,,,,,,,,,,,,,,,,,,,,,,,,,,,,,,,,,,,,,,,,,,,,
Bawhinney,Bawwhinney,Bawwynnye,Bawquenny,Bowhynie,Bowthmy,,,,,,,,,,,,,,,,,,,,,,,,,,,,,,,,,,,,,,,,,,,,,,,,,
Bawmes,Bawims,,,,,,,,,,,,,,,,,,,,,,,,,,,,,,,,,,,,,,,,,,,,,,,,,,,,,
Baxendale,Backsendale,Bassendale,Bassindale,Brazendale,,,,,,,,,,,,,,,,,,,,,,,,,,,,,,,,,,,,,,,,,,,,,,,,,,
Baxter,Baxster,Backster,Baxterye,Backesster,Backester,Bakster,Bagster,Bakester,Barkster,,,,,,,,,,,,,,,,,,,,,,,,,,,,,,,,,,,,,,,,,,,,,
Buxton,Baxton,Backton,Buckton,Buckden,Buckson,Buckston,Buckton,Bucton,,,,,,,,,,,,,,,,,,,,,,,,,,,,,,,,,,,,,,,,,,,,,,
Bayes,bays,,,,,,,,,,,,,,,,,,,,,,,,,,,,,,,,,,,,,,,,,,,,,,,,,,,,,
Beadell,bedell,,,,,,,,,,,,,,,,,,,,,,,,,,,,,,,,,,,,,,,,,,,,,,,,,,,,,
Beadnall,Beadling,Beadland,Bednell,Bidnell,Beadnell,Badnall,Beadenel,Beadenell,Beadlands,Beadnal,Beadnel,Beadneling,Bedenal,Bedenell,Bedling,Bednall,Beednal,Beednall,Beednel,Beednell,,,,,,,,,,,,,,,,,,,,,,,,,,,,,,,,,,
Beak,Beakes,,,,,,,,,,,,,,,,,,,,,,,,,,,,,,,,,,,,,,,,,,,,,,,,,,,,,
Beall,Baell,Beale,Beel,,,,,,,,,,,,,,,,,,,,,,,,,,,,,,,,,,,,,,,,,,,,,,,,,,,
Bean,Beane,,,,,,,,,,,,,,,,,,,,,,,,,,,,,,,,,,,,,,,,,,,,,,,,,,,,,
Beanley,Beaneley,Beinley,Benlay,Binley,Bindley,Byndley,Byndlawe,,,,,,,,,,,,,,,,,,,,,,,,,,,,,,,,,,,,,,,,,,,,,,,
Bearpark,Bearparke,Bearepark,,,,,,,,,,,,,,,,,,,,,,,,,,,,,,,,,,,,,,,,,,,,,,,,,,,,
Beason,Beasinge,Beassinge,Beazinge,Beasinge,Beesing,beeson,beaston,,,,,,,,,,,,,,,,,,,,,,,,,,,,,,,,,,,,,,,,,,,,,,,
Beaumont,Beamont,Beamong,Beomond,Bemond,Bement,Belmond,Beamond,,,,,,,,,,,,,,,,,,,,,,,,,,,,,,,,,,,,,,,,,,,,,,,
Beckfield,Beckfeild,Beckfeld,,,,,,,,,,,,,,,,,,,,,,,,,,,,,,,,,,,,,,,,,,,,,,,,,,,,
Bedford,Bedforde,Beadforth,Beadeforth,,,,,,,,,,,,,,,,,,,,,,,,,,,,,,,,,,,,,,,,,,,,,,,,,,,
Bedlington,Bedlingeton,Bedlinton,Beddlington,,,,,,,,,,,,,,,,,,,,,,,,,,,,,,,,,,,,,,,,,,,,,,,,,,,
Bee,Be,Bye,,,,,,,,,,,,,,,,,,,,,,,,,,,,,,,,,,,,,,,,,,,,,,,,,,,,
Beecroft,Becroft,,,,,,,,,,,,,,,,,,,,,,,,,,,,,,,,,,,,,,,,,,,,,,,,,,,,,
Beer,Beere,Beare,,,,,,,,,,,,,,,,,,,,,,,,,,,,,,,,,,,,,,,,,,,,,,,,,,,,
Bell,Beel,Bel,Belle,,,,,,,,,,,,,,,,,,,,,,,,,,,,,,,,,,,,,,,,,,,,,,,,,,,
Bellamy,Bellamye,Bellemye,,,,,,,,,,,,,,,,,,,,,,,,,,,,,,,,,,,,,,,,,,,,,,,,,,,,
Bellasis,Belasis,Bellassis,Belasse,Belasyes,Belasys,Bellasais,Bellasses,Bellassis,Bellassyse,Bellasyse,Bellazes,Bellesis,Bellises,Bellizes,Belsis,Belsses,Blases,,,,,,,,,,,,,,,,,,,,,,,,,,,,,,,,,,,,,
Bellerby,Bellerbye,Bellarby,Bellerbie,Bellarbie,Belerby,Belerbye,Bellerbee,Brellerbey,Bealbey,Belbye,Belbey,Bellinbie,Bellenby,Bellanbee,Bellanby,Bellingby,Bingingsby,,,,,,,,,,,,,,,,,,,,,,,,,,,,,,,,,,,,,
Bellingham,Bellinghame,Bellingam,Billingham,Billinghame,Bilingham,Byllingham,,,,,,,,,,,,,,,,,,,,,,,,,,,,,,,,,,,,,,,,,,,,,,,,
Bellis,Bellisse,Belles,Bellice,Belasse,Bellairs,Bellas,Bellass,Belless,Bellowes,Belyse,,,,,,,,,,,,,,,,,,,,,,,,,,,,,,,,,,,,,,,,,,,,
Belwood,Bellwood,,,,,,,,,,,,,,,,,,,,,,,,,,,,,,,,,,,,,,,,,,,,,,,,,,,,,
Benkel,Benkall,,,,,,,,,,,,,,,,,,,,,,,,,,,,,,,,,,,,,,,,,,,,,,,,,,,,,
Bennett,Bennet,Bennat,Benet,,,,,,,,,,,,,,,,,,,,,,,,,,,,,,,,,,,,,,,,,,,,,,,,,,,
Bennison,Benneson,Bennyson,Benson,,,,,,,,,,,,,,,,,,,,,,,,,,,,,,,,,,,,,,,,,,,,,,,,,,,
Bent,Bente,Bende,,,,,,,,,,,,,,,,,,,,,,,,,,,,,,,,,,,,,,,,,,,,,,,,,,,,
Bentland,Beantland,Pentland,,,,,,,,,,,,,,,,,,,,,,,,,,,,,,,,,,,,,,,,,,,,,,,,,,,,
Bentley,Bentleye,Bentlye,,,,,,,,,,,,,,,,,,,,,,,,,,,,,,,,,,,,,,,,,,,,,,,,,,,,
Benton,Bainton,Binton,Bynton,,,,,,,,,,,,,,,,,,,,,,,,,,,,,,,,,,,,,,,,,,,,,,,,,,,
Borthwick,Borthick,Berthick,Boothwick,Borthwaite,Bortwick,Borwick,Bothrick,Bothwick,Brothwick,Burthick,Burthwick,,,,,,,,,,,,,,,,,,,,,,,,,,,,,,,,,,,,,,,,,,,
Best,Beste,,,,,,,,,,,,,,,,,,,,,,,,,,,,,,,,,,,,,,,,,,,,,,,,,,,,,
Betts,Bettes,Betes,,,,,,,,,,,,,,,,,,,,,,,,,,,,,,,,,,,,,,,,,,,,,,,,,,,,
Beverley,Baverly,,,,,,,,,,,,,,,,,,,,,,,,,,,,,,,,,,,,,,,,,,,,,,,,,,,,,
Bewick,Bewicke,Bewike,Bewyck,Buick,,,,,,,,,,,,,,,,,,,,,,,,,,,,,,,,,,,,,,,,,,,,,,,,,,
Bickley,Bycley,,,,,,,,,,,,,,,,,,,,,,,,,,,,,,,,,,,,,,,,,,,,,,,,,,,,,
Biddick,Biddicke,Bidicke,Biddocke,Beddick,Bedycke,,,,,,,,,,,,,,,,,,,,,,,,,,,,,,,,,,,,,,,,,,,,,,,,,
Biggins,Biggines,Biggyns,Bigins,Byggines,Biggan,Biggans,Biggeens,Biggen,Biggens,Biggin,Biggine,Biggings,Biggon,Biggons,Bigin,Biginges,Bigings,Bigings,,,,,,,,,,,,,,,,,,,,,,,,,,,,,,,,,,,,
Bigland,Beglane,Biglins,Bidlands,Bigelon,Bigglings,Biglan,Biglands,Biglane,Biglen,Biglin,,,,,,,,,,,,,,,,,,,,,,,,,,,,,,,,,,,,,,,,,,,,
Bignell,Bagnall,Bicknell,Bignal,Bignald,Bignall,Bignoll,,,,,,,,,,,,,,,,,,,,,,,,,,,,,,,,,,,,,,,,,,,,,,,,
Bilby,Bilbye,beilby,,,,,,,,,,,,,,,,,,,,,,,,,,,,,,,,,,,,,,,,,,,,,,,,,,,,
Bigerton,Bigeton,Biggerton,,,,,,,,,,,,,,,,,,,,,,,,,,,,,,,,,,,,,,,,,,,,,,,,,,,,
Billingsley,Bellingsley,Bilingly,Billingley,Bellingsby,Bellingsley,Billingsby,Billinsby,,,,,,,,,,,,,,,,,,,,,,,,,,,,,,,,,,,,,,,,,,,,,,,
Billop,Billope,Billopp,Byllop,Byllope,,,,,,,,,,,,,,,,,,,,,,,,,,,,,,,,,,,,,,,,,,,,,,,,,,
Bilsbury,Bilsberye,Biliburie,Bilisburie,,,,,,,,,,,,,,,,,,,,,,,,,,,,,,,,,,,,,,,,,,,,,,,,,,,
Bilton,Biltone,Biltonn,Billton,Byltone,Belton,,,,,,,,,,,,,,,,,,,,,,,,,,,,,,,,,,,,,,,,,,,,,,,,,
Binks,Binkes,Bincke,Binckes,Bynkes,Bynks,,,,,,,,,,,,,,,,,,,,,,,,,,,,,,,,,,,,,,,,,,,,,,,,,
Binton,Bynton,,,,,,,,,,,,,,,,,,,,,,,,,,,,,,,,,,,,,,,,,,,,,,,,,,,,,
Birch,burch,,,,,,,,,,,,,,,,,,,,,,,,,,,,,,,,,,,,,,,,,,,,,,,,,,,,,
Bird,Birde,Byrd,Byrde,Burd,Burde,,,,,,,,,,,,,,,,,,,,,,,,,,,,,,,,,,,,,,,,,,,,,,,,,
Birdsall,Bridsall,,,,,,,,,,,,,,,,,,,,,,,,,,,,,,,,,,,,,,,,,,,,,,,,,,,,,
Birkbeck,Birkebecke,Byrkbecke,Birtbeck,Birtbecke,Beirtbeike,birbeck,burbeck,Borobirk,Barbeck,Bayerback,Berbeck,Birback,Beerbank,Birchbeck,Birdbeck,Birkbank,Borbeck,Bowbick,Brackbanck,Brikbeck,Brookbeck,Burbecke,,,,,,,,,,,,,,,,,,,,,,,,,,,,,,,,
Birkett,Birkitt,Burkitt,Byrket,Byrkett,Buwkynt,Birkhead,Birkhed,Birckhead,Bearkhead,Byrkehead,Burkett,Burket,Barket,Barkitt,Bearkhead,Birckett,Birkert,Birket,Birkit,Birkite,Bourket,Bowkett,Burkit,Burchett,Birckhed,Birkehead,Birkelt,,,,,,,,,,,,,,,,,,,,,,,,,,,
Birkhill,Birkell,Birckell,birchall,Bershaul,Birchell,Birckell,Birckill,Burchall,Burchel,Burchell,Burchill,,,,,,,,,,,,,,,,,,,,,,,,,,,,,,,,,,,,,,,,,,,
Birkin,Birkins,,,,,,,,,,,,,,,,,,,,,,,,,,,,,,,,,,,,,,,,,,,,,,,,,,,,,
Birkley,birtley,barclay,barkley,bartley,Bartly,Bortlei,Burtley,Bartlay,Barcklay,Barckley,Barcle,Barcley,Barklay,Barkly,Bartly,Berckley,Berclay,Berkeley,Berkley,Berkly,Birckley,Birkley,Burkley,,,,,,,,,,,,,,,,,,,,,,,,,,,,,,,
Birks,Birkes,bourkes,burkes,,,,,,,,,,,,,,,,,,,,,,,,,,,,,,,,,,,,,,,,,,,,,,,,,,,
Birtfield,Birtfeild,Birtefealde,Birtefielde,Birtfeald,Birtfealde,Birtfelde,Byrtefealde,Byrtfealde,Byrtfeild,Byrtfielde,Byrttfeallde,,,,,,,,,,,,,,,,,,,,,,,,,,,,,,,,,,,,,,,,,,,
Bisset,Byssent,,,,,,,,,,,,,,,,,,,,,,,,,,,,,,,,,,,,,,,,,,,,,,,,,,,,,
Bittleston,Bitleston,Bittelston,biddleston,biddlestone,,,,,,,,,,,,,,,,,,,,,,,,,,,,,,,,,,,,,,,,,,,,,,,,,,
Black,Blacke,Blak,,,,,,,,,,,,,,,,,,,,,,,,,,,,,,,,,,,,,,,,,,,,,,,,,,,,
Blackbird,Blakbord,Blackbeard,,,,,,,,,,,,,,,,,,,,,,,,,,,,,,,,,,,,,,,,,,,,,,,,,,,,
Blackburn,Blackburne,Blackborn,Blackborne,Blackbourn,Blackbourne,Blackeborne,Blackebourne,Blakbourne,Blakeborne,Blakebourne,blagburn,Backburn,,,,,,,,,,,,,,,,,,,,,,,,,,,,,,,,,,,,,,,,,,
Blackett,Blacket,Blackat,Blackatt,Blaket,Blakett,Blackard,,,,,,,,,,,,,,,,,,,,,,,,,,,,,,,,,,,,,,,,,,,,,,,,
Blackie,Blackye,Blakie,Blaky,Blakey,Blakye,Blaikye,,,,,,,,,,,,,,,,,,,,,,,,,,,,,,,,,,,,,,,,,,,,,,,,
Blackley,Blaykley,,,,,,,,,,,,,,,,,,,,,,,,,,,,,,,,,,,,,,,,,,,,,,,,,,,,,
Blacklock,Blacklocke,Blackloke,Blaccklock,Blackelock,Blackeloke,Blaickelocke,Blaicklock,Blaicklocke,Blaicklocks,Blakclock,Blakelock,Blaklock,Blaklocke,Blaklok,Blakelocke,Backlocke,,,,,,,,,,,,,,,,,,,,,,,,,,,,,,,,,,,,,,
Blackman,Blaikman,,,,,,,,,,,,,,,,,,,,,,,,,,,,,,,,,,,,,,,,,,,,,,,,,,,,,
Blackmantle,Blackmantell,,,,,,,,,,,,,,,,,,,,,,,,,,,,,,,,,,,,,,,,,,,,,,,,,,,,,
Blackmore,Blackamore,,,,,,,,,,,,,,,,,,,,,,,,,,,,,,,,,,,,,,,,,,,,,,,,,,,,,
Blackstone,Blakiston,Blakistone,Blaxton,Blaxtonn,Blaxston,Blaxstone,Blaxstonn,Blakeston,Blaxeton,Blaickstone,Blaickstonn,Blaykeston,Blaykestone,Blayxton,Blexton,Bluxton,Blaixton,,,,,,,,,,,,,,,,,,,,,,,,,,,,,,,,,,,,,
Blackwell,Blakwell,,,,,,,,,,,,,,,,,,,,,,,,,,,,,,,,,,,,,,,,,,,,,,,,,,,,,
Blake,Blaick,,,,,,,,,,,,,,,,,,,,,,,,,,,,,,,,,,,,,,,,,,,,,,,,,,,,,
Blanche,blench,,,,,,,,,,,,,,,,,,,,,,,,,,,,,,,,,,,,,,,,,,,,,,,,,,,,,
Bland,Blande,,,,,,,,,,,,,,,,,,,,,,,,,,,,,,,,,,,,,,,,,,,,,,,,,,,,,
Blarton,,,,,,,,,,,,,,,,,,,,,,,,,,,,,,,,,,,,,,,,,,,,,,,,,,,,,,
Blenkinsop,Blenkinsopp,Blenkinsoppe,Blenkynsopp,Blenkynsope,Bleinkensopp,Bleinkinsopp,Blenckinsopp,Blenckishop,Blenkensoppe,Blenkinship,Blenkinshop,Blenkeshopp,Blenkesope,Blenkeship,Blenkeysope,Blenkesop,Blenkysope,Blankeshippe,Blankynson,Blinkeingshop,Blinkingshop,Blenkinshopp,,,,,,,,,,,,,,,,,,,,,,,,,,,,,,,,
Blessing,Blessinge,Blissing,,,,,,,,,,,,,,,,,,,,,,,,,,,,,,,,,,,,,,,,,,,,,,,,,,,,
Bligh,Blyghe,,,,,,,,,,,,,,,,,,,,,,,,,,,,,,,,,,,,,,,,,,,,,,,,,,,,,
Blirthorn,Blirthorne,Blyrthorne,blithorn,,,,,,,,,,,,,,,,,,,,,,,,,,,,,,,,,,,,,,,,,,,,,,,,,,,
Blount,Blounte,Blownt,Blund,Blunt,Blunte,Bluntt,,,,,,,,,,,,,,,,,,,,,,,,,,,,,,,,,,,,,,,,,,,,,,,,
Blyth,Blythe,,,,,,,,,,,,,,,,,,,,,,,,,,,,,,,,,,,,,,,,,,,,,,,,,,,,,
Blythman,Blythmane,Blythmann,Blytheman,Blithman,Blitherman,Blyman,Blymans,,,,,,,,,,,,,,,,,,,,,,,,,,,,,,,,,,,,,,,,,,,,,,,
Boatwright,Boatret,,,,,,,,,,,,,,,,,,,,,,,,,,,,,,,,,,,,,,,,,,,,,,,,,,,,,
Bode,Boade,boad,Boode,,,,,,,,,,,,,,,,,,,,,,,,,,,,,,,,,,,,,,,,,,,,,,,,,,,
Bodkin,Badkine,Badkinse,Bawdkin,Bawdking,Bawdkinge,Baudking,,,,,,,,,,,,,,,,,,,,,,,,,,,,,,,,,,,,,,,,,,,,,,,,
Bogg,Boge,Bogge,boggs,,,,,,,,,,,,,,,,,,,,,,,,,,,,,,,,,,,,,,,,,,,,,,,,,,,
Boldron,Bowldron,,,,,,,,,,,,,,,,,,,,,,,,,,,,,,,,,,,,,,,,,,,,,,,,,,,,,
Bolton,Boltone,Boulton,Boultonn,,,,,,,,,,,,,,,,,,,,,,,,,,,,,,,,,,,,,,,,,,,,,,,,,,,
Bonde,Bounde,bond,,,,,,,,,,,,,,,,,,,,,,,,,,,,,,,,,,,,,,,,,,,,,,,,,,,,
Bone,Bon,Boane,Boon,Bune,bones,,,,,,,,,,,,,,,,,,,,,,,,,,,,,,,,,,,,,,,,,,,,,,,,,
Bonner,Boner,Bonna,Bonne,,,,,,,,,,,,,,,,,,,,,,,,,,,,,,,,,,,,,,,,,,,,,,,,,,,
Book,Boak,Boake,Boock,Booycke,Boycke,Boyke,Boyecke,Boocke,Booke,Bouck,Bouke,Bowhocke,Bowhoke,Boyekes,Buke,Bowock,Bowick,Boke,,,,,,,,,,,,,,,,,,,,,,,,,,,,,,,,,,,,
Booth,Boothe,Bouth,Bouthe,Bouthie,Boothes,Bowth,Bowyth,Both,Bothe,Boyth,Buth,Buthe,,,,,,,,,,,,,,,,,,,,,,,,,,,,,,,,,,,,,,,,,,
Botcherby,Botcherbey,Bocherbey,,,,,,,,,,,,,,,,,,,,,,,,,,,,,,,,,,,,,,,,,,,,,,,,,,,,
Bothman,bathman,,,,,,,,,,,,,,,,,,,,,,,,,,,,,,,,,,,,,,,,,,,,,,,,,,,,,
Bourne,Bourn,Borne,Born,Bowrne,Burn,Burne,,,,,,,,,,,,,,,,,,,,,,,,,,,,,,,,,,,,,,,,,,,,,,,,
Boutflower,Boutflour,Boutflouer,Boutflore,Botflowre,Bowtflor,Bowtflowre,Butflower,Butflowr,Butflowre,Booltfloore,Bootfloor,Bootflour,Bootflower,Botlowre,Boufler,Boufler,Boughtflowre,Boultflooer,Boultflour,Boultfloure,Boultflower,Bouteflower,Boutfleur,Boutfloure,Boutflowers,Bouthflower,Bouttflower,Bowfloor,Bowtflower,,,,,,,,,,,,,,,,,,,,,,,,,
Bovell,Bowvell,bovill,,,,,,,,,,,,,,,,,,,,,,,,,,,,,,,,,,,,,,,,,,,,,,,,,,,,
Bow,bowe,,,,,,,,,,,,,,,,,,,,,,,,,,,,,,,,,,,,,,,,,,,,,,,,,,,,,
Bowbank,Bowbanke,Bowbanck,Bowbancke,Bowebancke,Bowerbank,Bawrbank,Beerbank,Birbank,Boorebanke,Bouerbank,Bowersbank,Browbank,Brewbank,Burbank,Burbanks,,,,,,,,,,,,,,,,,,,,,,,,,,,,,,,,,,,,,,,
Bradbrook,Bradbrock,Brabrook,Braybrook,Broadberk,,,,,,,,,,,,,,,,,,,,,,,,,,,,,,,,,,,,,,,,,,,,,,,,,,
Brookbank,Brackbanck,Brickbanck,Brickbank,Brookbanks,Broackbanks,Broakebanck,Brockbank,Brocksbank,Brooksbank,,,,,,,,,,,,,,,,,,,,,,,,,,,,,,,,,,,,,,,,,,,,,
Bricklebank,Brittlebank,Brittelbank,Brocklebank,Broklebank,,,,,,,,,,,,,,,,,,,,,,,,,,,,,,,,,,,,,,,,,,,,,,,,,,
Broadbank,,,,,,,,,,,,,,,,,,,,,,,,,,,,,,,,,,,,,,,,,,,,,,,,,,,,,,
Bower,Bawors,,,,,,,,,,,,,,,,,,,,,,,,,,,,,,,,,,,,,,,,,,,,,,,,,,,,,
Bowery,Bowry,Bowrye,Bowre,Bowrrie,Bourye,,,,,,,,,,,,,,,,,,,,,,,,,,,,,,,,,,,,,,,,,,,,,,,,,
Bowes,bows,boaz,,,,,,,,,,,,,,,,,,,,,,,,,,,,,,,,,,,,,,,,,,,,,,,,,,,,
Bowman,Boweman,,,,,,,,,,,,,,,,,,,,,,,,,,,,,,,,,,,,,,,,,,,,,,,,,,,,,
Bownas,Bonnas,Bonnass,Bawnes,Bawnesse,Bawenes,Bawenesse,Baunas,Bannas,Boanas,Bonas,Bonnasse,Bownasse,Bowness,,,,,,,,,,,,,,,,,,,,,,,,,,,,,,,,,,,,,,,,,
Bowran,Bowieran,bowron,,,,,,,,,,,,,,,,,,,,,,,,,,,,,,,,,,,,,,,,,,,,,,,,,,,,
Bowser,Bousser,,,,,,,,,,,,,,,,,,,,,,,,,,,,,,,,,,,,,,,,,,,,,,,,,,,,,
Bowswell,boswell,,,,,,,,,,,,,,,,,,,,,,,,,,,,,,,,,,,,,,,,,,,,,,,,,,,,,
Boyes,Boys,Boyse,Boies,Bayes,Boy,boyce,,,,,,,,,,,,,,,,,,,,,,,,,,,,,,,,,,,,,,,,,,,,,,,,
Boynton,,,,,,,,,,,,,,,,,,,,,,,,,,,,,,,,,,,,,,,,,,,,,,,,,,,,,,
Brabant,Braband,Brabben,Brabbyn,Brabon,brabban,brabham,,,,,,,,,,,,,,,,,,,,,,,,,,,,,,,,,,,,,,,,,,,,,,,,
Bracher,Brachaw,,,,,,,,,,,,,,,,,,,,,,,,,,,,,,,,,,,,,,,,,,,,,,,,,,,,,
Brack,Bracke,Brake,Braike,Braick,Brackes,brock,,,,,,,,,,,,,,,,,,,,,,,,,,,,,,,,,,,,,,,,,,,,,,,,
Brackenburn,Brakenburn,,,,,,,,,,,,,,,,,,,,,,,,,,,,,,,,,,,,,,,,,,,,,,,,,,,,,
Brackenbury,Brakenbury,Brakenburye,Brakenberry,Breckenbury,Breakingbury,Brackingbery,,,,,,,,,,,,,,,,,,,,,,,,,,,,,,,,,,,,,,,,,,,,,,,,
Brackett,Bracket,Brockett,Brocket,Brokett,Broket,Brokite,Brockest,,,,,,,,,,,,,,,,,,,,,,,,,,,,,,,,,,,,,,,,,,,,,,,
Braddock,,,,,,,,,,,,,,,,,,,,,,,,,,,,,,,,,,,,,,,,,,,,,,,,,,,,,,
Bradford,Bradeford,Bradforth,Bradforthe,Braidforth,Bradeforth,braidford,,,,,,,,,,,,,,,,,,,,,,,,,,,,,,,,,,,,,,,,,,,,,,,,
Bradhead,Braidherd,Broadhead,Brodheed,,,,,,,,,,,,,,,,,,,,,,,,,,,,,,,,,,,,,,,,,,,,,,,,,,,
Bradley,Bradlie,Braidle,Braidley,Braydley,Braydlye,Braydeleye,Braydley,Breadley,Brodlay,broadley,,,,,,,,,,,,,,,,,,,,,,,,,,,,,,,,,,,,,,,,,,,,
Bradshaw,Brandshaw,Brawshaw,Brayshaw,brayshay,,,,,,,,,,,,,,,,,,,,,,,,,,,,,,,,,,,,,,,,,,,,,,,,,,
Bradwood,Braydwood,Braydwode,Braydwod,Baydwode,broadwood,braidwood,,,,,,,,,,,,,,,,,,,,,,,,,,,,,,,,,,,,,,,,,,,,,,,,
Brady,,,,,,,,,,,,,,,,,,,,,,,,,,,,,,,,,,,,,,,,,,,,,,,,,,,,,,
Brafferton,Brafertonn,Brafertone,Braffertonn,Bavrden,Brafferon,,,,,,,,,,,,,,,,,,,,,,,,,,,,,,,,,,,,,,,,,,,,,,,,,
Bramwell,Bramall,Bramal,Brummell,Brimmell,Burmwell,Bromwell,Bromell,Broomewell,,,,,,,,,,,,,,,,,,,,,,,,,,,,,,,,,,,,,,,,,,,,,,
Branch,Braunch,,,,,,,,,,,,,,,,,,,,,,,,,,,,,,,,,,,,,,,,,,,,,,,,,,,,,
Brand,Brande,,,,,,,,,,,,,,,,,,,,,,,,,,,,,,,,,,,,,,,,,,,,,,,,,,,,,
Brandline,Branling,Branlinge,Brandling,,,,,,,,,,,,,,,,,,,,,,,,,,,,,,,,,,,,,,,,,,,,,,,,,,,
Brandon,,,,,,,,,,,,,,,,,,,,,,,,,,,,,,,,,,,,,,,,,,,,,,,,,,,,,,
Brankston,Branckston,,,,,,,,,,,,,,,,,,,,,,,,,,,,,,,,,,,,,,,,,,,,,,,,,,,,,
Branson,,,,,,,,,,,,,,,,,,,,,,,,,,,,,,,,,,,,,,,,,,,,,,,,,,,,,,
Brantingham,Brantinghame,Brantingam,Brentingham,,,,,,,,,,,,,,,,,,,,,,,,,,,,,,,,,,,,,,,,,,,,,,,,,,,
Branton,Brundon,Brunton,,,,,,,,,,,,,,,,,,,,,,,,,,,,,,,,,,,,,,,,,,,,,,,,,,,,
Brass,Brasse,,,,,,,,,,,,,,,,,,,,,,,,,,,,,,,,,,,,,,,,,,,,,,,,,,,,,
Bretten,Britten,Britain,Britton,,,,,,,,,,,,,,,,,,,,,,,,,,,,,,,,,,,,,,,,,,,,,,,,,,,
Brewer,Brewar,Bruar,Bruer,,,,,,,,,,,,,,,,,,,,,,,,,,,,,,,,,,,,,,,,,,,,,,,,,,,
Brewster,Browster,Bruster,Broister,Brewester,Bravester,Breuster,Brewister,Brewsar,Brewsher,Broowester,Broster,Brouster,Browester,Bruister,Brusster,Brwster,,,,,,,,,,,,,,,,,,,,,,,,,,,,,,,,,,,,,,
Bridges,Bridggs,Bridgs,Brigges,Briges,Bryges,Bridge,Brige,Brigge,,,,,,,,,,,,,,,,,,,,,,,,,,,,,,,,,,,,,,,,,,,,,,
Briggs,Brigs,Brigges,,,,,,,,,,,,,,,,,,,,,,,,,,,,,,,,,,,,,,,,,,,,,,,,,,,,
Brigham,Briggham,Brygham,,,,,,,,,,,,,,,,,,,,,,,,,,,,,,,,,,,,,,,,,,,,,,,,,,,,
Brignell,Brigland,Bridgenell,Bridgnall,Bridgnel,Bridgnell,Brydgnell,Brignald,,,,,,,,,,,,,,,,,,,,,,,,,,,,,,,,,,,,,,,,,,,,,,,
Brudenell,Brodnell,Brudenall,Broodnell,Brudinell,Breadnall,Bradnell,Bridnall,,,,,,,,,,,,,,,,,,,,,,,,,,,,,,,,,,,,,,,,,,,,,,,
Brim,Brime,,,,,,,,,,,,,,,,,,,,,,,,,,,,,,,,,,,,,,,,,,,,,,,,,,,,,
Brimley,Brimlay,Brimlie,Brimlye,Bremley,Brymeley,Brymlay,Brymley,Brymlory,Bromley,bramley,Brumley,Brumlay,Brumeley,Broomeley,Broomley,,,,,,,,,,,,,,,,,,,,,,,,,,,,,,,,,,,,,,,
Brimson,Brymson,Brimeson,,,,,,,,,,,,,,,,,,,,,,,,,,,,,,,,,,,,,,,,,,,,,,,,,,,,
Briskett,Briskate,,,,,,,,,,,,,,,,,,,,,,,,,,,,,,,,,,,,,,,,,,,,,,,,,,,,,
Brodhurst,Brodhirst,broadhurst,,,,,,,,,,,,,,,,,,,,,,,,,,,,,,,,,,,,,,,,,,,,,,,,,,,,
Brome,Broom,Brume,Brom,,,,,,,,,,,,,,,,,,,,,,,,,,,,,,,,,,,,,,,,,,,,,,,,,,,
Brompton,brampton,,,,,,,,,,,,,,,,,,,,,,,,,,,,,,,,,,,,,,,,,,,,,,,,,,,,,
Brood,Broode,Brod,Broody,broad,,,,,,,,,,,,,,,,,,,,,,,,,,,,,,,,,,,,,,,,,,,,,,,,,,
Brooke,Brocke,Brouck,Browke,brook,brooks,brookes,,,,,,,,,,,,,,,,,,,,,,,,,,,,,,,,,,,,,,,,,,,,,,,,
Brotherick,Broderick,Brothwick,,,,,,,,,,,,,,,,,,,,,,,,,,,,,,,,,,,,,,,,,,,,,,,,,,,,
Brotherston,brotherton,,,,,,,,,,,,,,,,,,,,,,,,,,,,,,,,,,,,,,,,,,,,,,,,,,,,,
Brough,Broughe,Browgh,Brouth,Browe,,,,,,,,,,,,,,,,,,,,,,,,,,,,,,,,,,,,,,,,,,,,,,,,,,
Browell,Browle,Bruell,Bruwell,Brewell,Browles,,,,,,,,,,,,,,,,,,,,,,,,,,,,,,,,,,,,,,,,,,,,,,,,,
Brown,Browne,Broune,Browen,Bronne,Broone,Brone,Broun,Brownne,Brune,Brun,Brn,Browens,,,,,,,,,,,,,,,,,,,,,,,,,,,,,,,,,,,,,,,,,,
Brownhill,Brownwell,,,,,,,,,,,,,,,,,,,,,,,,,,,,,,,,,,,,,,,,,,,,,,,,,,,,,
Brownlee,Brownley,brownlie,,,,,,,,,,,,,,,,,,,,,,,,,,,,,,,,,,,,,,,,,,,,,,,,,,,,
Brownless,,,,,,,,,,,,,,,,,,,,,,,,,,,,,,,,,,,,,,,,,,,,,,,,,,,,,,
Bruce,Bruse,brewhouse,brewis,,,,,,,,,,,,,,,,,,,,,,,,,,,,,,,,,,,,,,,,,,,,,,,,,,,
Bryan,Brane,Brian,Bryne,Bryant,,,,,,,,,,,,,,,,,,,,,,,,,,,,,,,,,,,,,,,,,,,,,,,,,,
Bryce,Brice,Brise,Bryse,Bryche,Brich,,,,,,,,,,,,,,,,,,,,,,,,,,,,,,,,,,,,,,,,,,,,,,,,,
Buck,Bucke,Buckie,,,,,,,,,,,,,,,,,,,,,,,,,,,,,,,,,,,,,,,,,,,,,,,,,,,,
Buckle,Buckell,Bucle,Boukle,Bouckle,Buckles,Buckells,,,,,,,,,,,,,,,,,,,,,,,,,,,,,,,,,,,,,,,,,,,,,,,,
Buckler,Bukler,,,,,,,,,,,,,,,,,,,,,,,,,,,,,,,,,,,,,,,,,,,,,,,,,,,,,
Buckley,,,,,,,,,,,,,,,,,,,,,,,,,,,,,,,,,,,,,,,,,,,,,,,,,,,,,,
Buddles,Budles,Budwell,,,,,,,,,,,,,,,,,,,,,,,,,,,,,,,,,,,,,,,,,,,,,,,,,,,,
Buller,,,,,,,,,,,,,,,,,,,,,,,,,,,,,,,,,,,,,,,,,,,,,,,,,,,,,,
Bullock,Bullocke,Bullok,Bulloke,Buloke,,,,,,,,,,,,,,,,,,,,,,,,,,,,,,,,,,,,,,,,,,,,,,,,,,
Bullon,bullen,,,,,,,,,,,,,,,,,,,,,,,,,,,,,,,,,,,,,,,,,,,,,,,,,,,,,
Bullow,bellow,,,,,,,,,,,,,,,,,,,,,,,,,,,,,,,,,,,,,,,,,,,,,,,,,,,,,
Bulman,Bullman,Bulmanne,,,,,,,,,,,,,,,,,,,,,,,,,,,,,,,,,,,,,,,,,,,,,,,,,,,,
Bulmer,Bulmor,Boulmer,Bowmer,Bomer,Bommer,Boomer,Boumer,Boumme,balmer,,,,,,,,,,,,,,,,,,,,,,,,,,,,,,,,,,,,,,,,,,,,,
Bungay,Bungary,Bangay,Bungey,,,,,,,,,,,,,,,,,,,,,,,,,,,,,,,,,,,,,,,,,,,,,,,,,,,
Bunny,bunney,,,,,,,,,,,,,,,,,,,,,,,,,,,,,,,,,,,,,,,,,,,,,,,,,,,,,
Bunting,Buntinge,Bownting,bunton,Bantying,Bantan,Banting,Banton,,,,,,,,,,,,,,,,,,,,,,,,,,,,,,,,,,,,,,,,,,,,,,,
Burdess,Burdesse,Burdes,Burdus,Burdeous,Burdeouse,Bourdes,burdis,,,,,,,,,,,,,,,,,,,,,,,,,,,,,,,,,,,,,,,,,,,,,,,
Burdon,Burdone,Burdonn,Burdonne,Burden,Berden,Burdenes,Burdens,,,,,,,,,,,,,,,,,,,,,,,,,,,,,,,,,,,,,,,,,,,,,,,
Burgess,Burgesse,Burges,,,,,,,,,,,,,,,,,,,,,,,,,,,,,,,,,,,,,,,,,,,,,,,,,,,,
Burke,Burk,Bourke,,,,,,,,,,,,,,,,,,,,,,,,,,,,,,,,,,,,,,,,,,,,,,,,,,,,
Burley,Burlay,,,,,,,,,,,,,,,,,,,,,,,,,,,,,,,,,,,,,,,,,,,,,,,,,,,,,
Burlinson,Burleson,Bairlason,Barletson,Barlison,Berlinson,Berlison,Bhlesen,Birleson,Birlinson,Birlison,Birlleson,Bowlison,Bulison,Burilison,Burlason,Burlatson,Burleighson,Burlesson,Burleston,Burletson,Burleyson,Burlieson,Burlingson,Burlingston,Burlinston,Burlisen,Burlising,Burlison,Burlisonn,Burliston,Burlistone,Burlitson,Burlston,Burlyson,,,,,,,,,,,,,,,,,,,,
Burman,berman,,,,,,,,,,,,,,,,,,,,,,,,,,,,,,,,,,,,,,,,,,,,,,,,,,,,,
Burneston,Burninston,Barnston,Burniston,Barniston,,,,,,,,,,,,,,,,,,,,,,,,,,,,,,,,,,,,,,,,,,,,,,,,,,
Burnley,Burnely,Byrneley,,,,,,,,,,,,,,,,,,,,,,,,,,,,,,,,,,,,,,,,,,,,,,,,,,,,
Burnop,Burnope,Burnopp,Burnoppe,Bornope,Burnup,burnhope,burnip,Bawnep,Bournop,Bournope,Bournup,Burinnap,Burnap,Burnehope,Burneop,Burnep,Burnepp,Burneup,Burnhopp,Burnipp,Burnnop,Burnoup,Burnupp,,,,,,,,,,,,,,,,,,,,,,,,,,,,,,,
Burns,Burnes,byrnes,byrne,burn,,,,,,,,,,,,,,,,,,,,,,,,,,,,,,,,,,,,,,,,,,,,,,,,,,
Burrell,Borryll,Barwell,Barrell,Barrall,burwell,,,,,,,,,,,,,,,,,,,,,,,,,,,,,,,,,,,,,,,,,,,,,,,,,
Burro,Burrough,Barrow,Burrows,Barrows,Borrows,Borrow,Barrowes,Barraw,Burroughs,,,,,,,,,,,,,,,,,,,,,,,,,,,,,,,,,,,,,,,,,,,,,
Burstall,Burstel,Burstell,Burstal,Beerstall,Burstyll,Bursall,Burscall,Bustall,,,,,,,,,,,,,,,,,,,,,,,,,,,,,,,,,,,,,,,,,,,,,,
Burt,Burte,birt,,,,,,,,,,,,,,,,,,,,,,,,,,,,,,,,,,,,,,,,,,,,,,,,,,,,
Busby,Busbye,Busbe,Busbey,Busbie,Bussbie,Buzby,,,,,,,,,,,,,,,,,,,,,,,,,,,,,,,,,,,,,,,,,,,,,,,,
Bushby,Bushbie,Bushebie,,,,,,,,,,,,,,,,,,,,,,,,,,,,,,,,,,,,,,,,,,,,,,,,,,,,
Bussard,Bushard,,,,,,,,,,,,,,,,,,,,,,,,,,,,,,,,,,,,,,,,,,,,,,,,,,,,,
Bussy,Bussye,Bussey,Bussie,Busie,,,,,,,,,,,,,,,,,,,,,,,,,,,,,,,,,,,,,,,,,,,,,,,,,,
Butcher,Boucher,Bowker,,,,,,,,,,,,,,,,,,,,,,,,,,,,,,,,,,,,,,,,,,,,,,,,,,,,
Butiment,Bettement,Butiman,beautyman,bootiman,Batement,Bautman,Beatment,Beautemont,Beautiman,Beautimont,Bedeman,Betiman,Bewtiman,Beutiman,Beutyman,Biltoman,Boodiman,Bootimond,Bootman,Bootyman,Boutiman,Boutman,Bouttaman,Boutyman,Butament,Buteman,Butemant,Butement,Butiment,Butteman,Buttement,Butterman,Buttman,Butyman,Pootman,,,,,,,,,,,,,,,,,,,
Butland,Butlande,Buteland,boutland,,,,,,,,,,,,,,,,,,,,,,,,,,,,,,,,,,,,,,,,,,,,,,,,,,,
Butler,Butlere,Boutler,Bowtler,,,,,,,,,,,,,,,,,,,,,,,,,,,,,,,,,,,,,,,,,,,,,,,,,,,
Butterby,Butterbei,Butterbey,Buttersbey,Butterbie,,,,,,,,,,,,,,,,,,,,,,,,,,,,,,,,,,,,,,,,,,,,,,,,,,
Butterfield,Butterfeild,Batterfeild,Buttersfield,,,,,,,,,,,,,,,,,,,,,,,,,,,,,,,,,,,,,,,,,,,,,,,,,,,
Buttery,Butterie,Butterye,Buttrie,Buttry,Butry,Buterre,Buterry,Butery,Butrey,Butteree,Butterey,Butterre,Butterry,Buttorie,Buttre,Buttree,Buttrey,Buttrye,,,,,,,,,,,,,,,,,,,,,,,,,,,,,,,,,,,,
Butterley,Butterly,,,,,,,,,,,,,,,,,,,,,,,,,,,,,,,,,,,,,,,,,,,,,,,,,,,,,
Butterfint,Butterfant,Butterfin,Butterfintt,Butterflint,,,,,,,,,,,,,,,,,,,,,,,,,,,,,,,,,,,,,,,,,,,,,,,,,,
Butterwell,Butterell,Butterill,,,,,,,,,,,,,,,,,,,,,,,,,,,,,,,,,,,,,,,,,,,,,,,,,,,,
Butterwick,Butterick,Butterwicke,Buttrek,,,,,,,,,,,,,,,,,,,,,,,,,,,,,,,,,,,,,,,,,,,,,,,,,,,
Butterworth,Butterwith,,,,,,,,,,,,,,,,,,,,,,,,,,,,,,,,,,,,,,,,,,,,,,,,,,,,,
Byerley,Byerlay,Byerlie,Byerly,Beirley,Bierly,Byarley,Biarley,Beyrley,Byrelawe,Bierley,,,,,,,,,,,,,,,,,,,,,,,,,,,,,,,,,,,,,,,,,,,,
Byers,Biers,Byars,Biars,Byarse,Byas,Bwiers,Byyers,Byes,Bye,,,,,,,,,,,,,,,,,,,,,,,,,,,,,,,,,,,,,,,,,,,,,
Byng,bing,,,,,,,,,,,,,,,,,,,,,,,,,,,,,,,,,,,,,,,,,,,,,,,,,,,,,
Bytam,Byttimes,,,,,,,,,,,,,,,,,,,,,,,,,,,,,,,,,,,,,,,,,,,,,,,,,,,,,
