Faceby,Facebie,Fasebie,Facsbey,,,,,,,,,,,,,,,,,,,,,,,,,,,,,,,,,,,,,,,,,,,,,,,,
Fail,Fell,Fall,Faile,Faill,Felle,Ffll,Fill,Full,,,Foll,,,,,,,,,,,,,,,,,,,,,,,,,,,,,,,,,,,,,,,,
Fairbairn,Fairbarne,Fairebarne,Fairbairns,Faburn,Faibairnes,Faierbarn,Fairbain,Fairbains,Fairban,Fairbands,Fairbane,Fairbanes,Fairbarn,Fairbarne,Fairbarnes,Fairbarns,Fairbearn,Fairbern,Fairbone,Fairbones,Fairborn,Fairborne,Fairbourn,Fairbourne,Fairbrain,Fairburn,Fairburne,Fairburnes,Fairburns,Fairebairn,Fairebairne,Fairebarn,Fairebarnes,Fairebarns,Farbairn,Farbarn,Farbarne,Farbarnes,Farbarns,Farbone,Farbons,Farburn,Farebairn,Farebarn,Farebarne,Farebarnes,Farebarns,Farirbairns,Farnaburn,Firbarne,Freebairn
Fairfield,Farefield,,,,,,,,,,,,,,,,,,,,,,,,,,,,,,,,,,,,,,,,,,,,,,,,,,
Fairgrieve,Forgive,Forgyve,Forgine,fairgrieve,Fargrive,Fairgieves,Fairgraves,Fairgreaves,Fairgrief,Fairgrieve,Feargrieves,Fergref,,,,,,,,,,,,,,,,,,,,,,,,,,,,,,,,,,,,,,,
Fairlamb,Fairlam,Fayrelama,Fairelam,Fairelim,Fairelome,Fairlaim,Fairlain,Fairlambe,Fairlame,Fairlem,Fairlham,Fairlim,Fairlom,Farelam,Farelem,Farelim,Farlam,Fayerlim,Firlam,,,,,,,,,,,,,,,,,,,,,,,,,,,,,,,,
Fairland,Fareland,Fairlain,Firlane,Farralans,Farland,,,,,,,,,,,,,,,,,,,,,,,,,,,,,,,,,,,,,,,,,,,,,,
Fairless,Fairallers,Faireallers,Fairles,Farelas,Farelayes,Fareles,Fareless,Fareallers,Farlisse,Farrelas,Farles,Feralesse,Fereles,Ferelesse,Ferlesse,Ferraleyes,Ferrelesse,Fayrallars,Fayrallers,Fayreallers,Fayrhallers,Fayrhalles,Farralans,Farlem,Farllam,Farlom,,,,,,,,,,,,,,,,,,,,,,,,,
Falcon,Fawcon,,,,,,,,,,,,,,,,,,,,,,,,,,,,,,,,,,,,,,,,,,,,,,,,,,
Falkner,Fakner,Faulkner,Falkernor,falconer,,,,,,,,,,,,,,,,,,,,,,,,,,,,,,,,,,,,,,,,,,,,,,,
Fallon,Fellen,Fellon,felling,,,,,,,,,,,,,,,,,,,,,,,,,,,,,,,,,,,,,,,,,,,,,,,,
Fallowfield,Falowfield,Fallayfield,,,,,,,,,,,,,,,,,,,,,,,,,,,,,,,,,,,,,,,,,,,,,,,,,
Falside,Fallowside,Fawside,Fawsyde,Fawsyd,Fawsed,Fausyde,Fawcid,Fowsyde,Fawshed,,,,,,,,,,,,,,,,,,,,,,,,,,,,,,,,,,,,,,,,,,
Farbeck,Farbecke,Farbeke,Ferbeck,Ferbecke,Firbeck,Farbicke,Forbeck,Forberk,,,,,,,,,,,,,,,,,,,,,,,,,,,,,,,,,,,,,,,,,,,
Farbridge,Farbrig,Farbrige,Farbrick,Farbricke,Fairbriggs,Farbriggs,Ffarbeck,Ffarberck,Ffarbricke,Ffarbuicke,Ffawbrick,,,,,,,,,,,,,,,,,,,,,,,,,,,,,,,,,,,,,,,,
Fargus,Farguest,Fargous,Farguyse,Farguys,fergus,Faragus,Farguss,Farkus,Ferguss,Forrages,Furgiss,Furgus,Fergous,,,,,,,,,,,,,,,,,,,,,,,,,,,,,,,,,,,,,,
Farley,Farly,Fareley,Fairlay,fairley,,,,,,,,,,,,,,,,,,,,,,,,,,,,,,,,,,,,,,,,,,,,,,,
Farmer,Farmher,,,,,,,,,,,,,,,,,,,,,,,,,,,,,,,,,,,,,,,,,,,,,,,,,,
Farmery,Farmary,Farmirye,,,,,,,,,,,,,,,,,,,,,,,,,,,,,,,,,,,,,,,,,,,,,,,,,
Farn,Farne,,,,,,,,,,,,,,,,,,,,,,,,,,,,,,,,,,,,,,,,,,,,,,,,,,
Farnside,Farniside,Farnisyd,Farnisyde,Farnysed,Fernisye,Farmisye,Furniside,,,,,,,,,,,,,,,,,,,,,,,,,,,,,,,,,,,,,,,,,,,,
Farrell,Farrold,ferrell,,,,,,,,,,,,,,,,,,,,,,,,,,,,,,,,,,,,,,,,,,,,,,,,,
Farrow,Farrowe,Farow,Farowe,Farra,Farrai,Farraie,Farrar,Farraw,Farrawe,Farrewe,Farrews,Farrie,Farris,Farro,Farroa,Farrows,Fairowe,Ferrar,Ferra,Ferrow,Ferrowe,Ferror,Ffarrow,Pharrow,Pharoah,,,,,,,,,,,,,,,,,,,,,,,,,,
Fatherley,Fatherlaye,Fetherlawes,Faveley,fatherly,Frotherley,,,,,,,,,,,,,,,,,,,,,,,,,,,,,,,,,,,,,,,,,,,,,,
Fatkin,fadkin,,,,,,,,,,,,,,,,,,,,,,,,,,,,,,,,,,,,,,,,,,,,,,,,,,
Fawbert,Faubert,Farobert,Forbert,Forbett,,,,,,,,,,,,,,,,,,,,,,,,,,,,,,,,,,,,,,,,,,,,,,,
Fawcett,Fawcet,Whawesett,Fawecet,Fawsett,Fauset,Forcett,Phawcet,Foset,,,,,,,,,,,,,,,,,,,,,,,,,,,,,,,,,,,,,,,,,,,
Fawcus,Faucus,falcus,falkus,Farcus,Farcuss,Farkus,,,,,,,,,,,,,,,,,,,,,,,,,,,,,,,,,,,,,,,,,,,,,
Fawdon,Faldon,Fawedon,Fawden,Fadon,Fowden,farthing,farden,,,,,,,,,,,,,,,,,,,,,,,,,,,,,,,,,,,,,,,,,,,,
Fawell,Fowell,,,,,,,,,,,,,,,,,,,,,,,,,,,,,,,,,,,,,,,,,,,,,,,,,,
Fearne,Furn,furne,fern,,,,,,,,,,,,,,,,,,,,,,,,,,,,,,,,,,,,,,,,,,,,,,,,
fearney,furney,ferney,farney,fairney,Furney,Furnie,Fernie,,,,,,,,,,,,,,,,,,,,,,,,,,,,,,,,,,,,,,,,,,,,
fearns,ferns,,,,,,,,,,,,,,,,,,,,,,,,,,,,,,,,,,,,,,,,,,,,,,,,,,
Featherman,Fatherman,,,,,,,,,,,,,,,,,,,,,,,,,,,,,,,,,,,,,,,,,,,,,,,,,,
Featherston,Featherstone,Fetherston,Fetherstone,Featherson,Fetherstonn,Fatherston,Fatherstone,Farterson,Federstonn,,,,,,,,,,,,,,,,,,,,,,,,,,,,,,,,,,,,,,,,,,
Featherstonhaugh,Federstonhaugh,Fedderstonhawgh,Fatherstonhaugh,Fatherstonhawgh,Featherstonhalgh,,,,,,,,,,,,,,,,,,,,,,,,,,,,,,,,,,,,,,,,,,,,,,
Feetham,Featum,Fetam,Fetum,Fetome,Feta,Phetum,,,,,,,,,,,,,,,,,,,,,,,,,,,,,,,,,,,,,,,,,,,,,
Felix,Feix,,,,,,,,,,,,,,,,,,,,,,,,,,,,,,,,,,,,,,,,,,,,,,,,,,
fellford,fulford,,,,,,,,,,,,,,,,,,,,,,,,,,,,,,,,,,,,,,,,,,,,,,,,,,
fellonby,fellonbe,Fullowbee,,,,,,,,,,,,,,,,,,,,,,,,,,,,,,,,,,,,,,,,,,,,,,,,,
Fellows,Fallas,Fellis,Fellahs,Fallow,Fallowes,Fallows,Falls,Fallus,Felis,Fellahs,Fellas,Fellass,Fellers,Felles,Felless,Fellhouse,Fieldhouse,Felliss,Fellos,Fellowes,fellow,fallow,Fells,Fillis,,,,,,,,,,,,,,,,,,,,,,,,,,,
Fellstead,Felsted,,,,,,,,,,,,,,,,,,,,,,,,,,,,,,,,,,,,,,,,,,,,,,,,,,
Felton,Fellton,Filton,,,,,,,,,,,,,,,,,,,,,,,,,,,,,,,,,,,,,,,,,,,,,,,,,
Fenney,Fennay,Fennie,Fenny,Fennye,Finney,Fynney,,,,,,,,,,,,,,,,,,,,,,,,,,,,,,,,,,,,,,,,,,,,,
Fenwick,Fenwicke,Fennecke,Fennick,Fennicke,Fennik,Fennyck,Fenecek,Fenick,Fenicke,Phenick,,,,,,,,,,,,,,,,,,,,,,,,,,,,,,,,,,,,,,,,,
Fergie,Fargey,Fargie,Fargu,Fargue,Fargy,Faugy,Fergue,Forgie,,,,,,,,,,,,,,,,,,,,,,,,,,,,,,,,,,,,,,,,,,,
ferguson,farquarson,,,,,,,,,,,,,,,,,,,,,,,,,,,,,,,,,,,,,,,,,,,,,,,,,,
Ferraby,Faiebie,Ffaribey,,,,,,,,,,,,,,,,,,,,,,,,,,,,,,,,,,,,,,,,,,,,,,,,,
Ferry,Ferrye,Ferrey,Ferrie,Ferie,Ferai,Farray,Farry,Ffairy,Pharey,Fairey,,,,,,,,,,,,,,,,,,,,,,,,,,,,,,,,,,,,,,,,,
Fetty,Fyttye,,,,,,,,,,,,,,,,,,,,,,,,,,,,,,,,,,,,,,,,,,,,,,,,,,
fickus,fixus,,,,,,,,,,,,,,,,,,,,,,,,,,,,,,,,,,,,,,,,,,,,,,,,,,
Fidler,Fidlar,,,,,,,,,,,,,,,,,,,,,,,,,,,,,,,,,,,,,,,,,,,,,,,,,,
Fieldhouse,Fieldus,,,,,,,,,,,,,,,,,,,,,,,,,,,,,,,,,,,,,,,,,,,,,,,,,,
Fielding,Feilding,,,,,,,,,,,,,,,,,,,,,,,,,,,,,,,,,,,,,,,,,,,,,,,,,,
Finch,Finche,Finsh,Finshe,Fynsh,,,,,,,,,,,,,,,,,,,,,,,,,,,,,,,,,,,,,,,,,,,,,,,
Finkle,Fenkell,Fenkhill,,,,,,,,,,,,,,,,,,,,,,,,,,,,,,,,,,,,,,,,,,,,,,,,,
Finlay,Findlay,Findley,Finlay,Finley,Finneley,Fenlay,Fyndley,Fynlay,Fynley,,,,,,,,,,,,,,,,,,,,,,,,,,,,,,,,,,,,,,,,,,
Finn,Fenn,Fin,Fyn,Fynn,Phin,Phinn,,,,,,,,,,,,,,,,,,,,,,,,,,,,,,,,,,,,,,,,,,,,,
Firbank,Farbanke,Furbance,,,,,,,,,,,,,,,,,,,,,,,,,,,,,,,,,,,,,,,,,,,,,,,,,
Fish,Fysh,,,,,,,,,,,,,,,,,,,,,,,,,,,,,,,,,,,,,,,,,,,,,,,,,,
Fishburn,Fishburne,Fichburn,Fishborn,Fishborne,Fishburns,Fishebowrne,Fyshborne,,,,,,,,,,,,,,,,,,,,,,,,,,,,,,,,,,,,,,,,,,,,
Fisher,Fyscher,Fysher,Fyssher,,,,,,,,,,,,,,,,,,,,,,,,,,,,,,,,,,,,,,,,,,,,,,,,
Fishwick,Fishwicke,Fishwik,Fyshwick,Fyshwik,Fishhook,,,,,,,,,,,,,,,,,,,,,,,,,,,,,,,,,,,,,,,,,,,,,,
Fitton,Fythune,,,,,,,,,,,,,,,,,,,,,,,,,,,,,,,,,,,,,,,,,,,,,,,,,,
Fitzgerald,Fitsgerald,,,,,,,,,,,,,,,,,,,,,,,,,,,,,,,,,,,,,,,,,,,,,,,,,,
fitzpatrick,Fitchpatrick,Fitspatrick,Fitz-Patrick,Fitz Patrick,Fitzspatrick,Fritspatrick,Patrick,,,,,,,,,,,,,,,,,,,,,,,,,,,,,,,,,,,,,,,,,,,,
Fixon,foxen,Foxon,,,,,,,,,,,,,,,,,,,,,,,,,,,,,,,,,,,,,,,,,,,,,,,,,
Flatt,Flatte,Flate,Flat,Flett,Flet,,,,,,,,,,,,,,,,,,,,,,,,,,,,,,,,,,,,,,,,,,,,,,
Fleck,Flecke,Ffleck,Flack,Fleeck,Fleg,Flick,Flock,,,,,,,,,,,,,,,,,,,,,,,,,,,,,,,,,,,,,,,,,,,,
Fleetham,Fleetam,Fleatham,Fletthame,,,,,,,,,,,,,,,,,,,,,,,,,,,,,,,,,,,,,,,,,,,,,,,,
Fleming,Fleminge,Fleeming,Fleeminge,Fleman,Flemeng,Flemin,,,,,,,,,,,,,,,,,,,,,,,,,,,,,,,,,,,,,,,,,,,,,
Fletcher,Flecher,,,,,,,,,,,,,,,,,,,,,,,,,,,,,,,,,,,,,,,,,,,,,,,,,,
Flight,Flyght,,,,,,,,,,,,,,,,,,,,,,,,,,,,,,,,,,,,,,,,,,,,,,,,,,
Flocket,Flokhet,,,,,,,,,,,,,,,,,,,,,,,,,,,,,,,,,,,,,,,,,,,,,,,,,,
Flockton,Floktonn,,,,,,,,,,,,,,,,,,,,,,,,,,,,,,,,,,,,,,,,,,,,,,,,,,
Flood,Floud,Floudde,,,,,,,,,,,,,,,,,,,,,,,,,,,,,,,,,,,,,,,,,,,,,,,,,
Flower,Flowre,Floure,Floor,,,,,,,,,,,,,,,,,,,,,,,,,,,,,,,,,,,,,,,,,,,,,,,,
Fly,Flie,,,,,,,,,,,,,,,,,,,,,,,,,,,,,,,,,,,,,,,,,,,,,,,,,,
Fobert,Foberde,,,,,,,,,,,,,,,,,,,,,,,,,,,,,,,,,,,,,,,,,,,,,,,,,,
Foggett,Foggart,Foggert,Fogget,Foggar,Fogget,Foggard,Foggarde,Foggat,Fogger,Foggerd,,,,,,,,,,,,,,,,,,,,,,,,,,,,,,,,,,,,,,,,,
Follansby,Follansbye,Follensbey,Follansbey,Follansbie,Folensbye,Follingsby,Follinsbey,Folinsbey,Folonsby,Volensby,Velensby,,,,,,,,,,,,,,,,,,,,,,,,,,,,,,,,,,,,,,,,
Font,Fontte,Faunte,,,,,,,,,,,,,,,,,,,,,,,,,,,,,,,,,,,,,,,,,,,,,,,,,
Forcer,Focer,Forser,Forsser,Foser,Fosser,Foysser,,,,,,,,,,,,,,,,,,,,,,,,,,,,,,,,,,,,,,,,,,,,,
Ford,Forde,Foord,Fowrd,,,,,,,,,,,,,,,,,,,,,,,,,,,,,,,,,,,,,,,,,,,,,,,,
Foreman,Forman,Fomyn,Fomynge,,,,,,,,,,,,,,,,,,,,,,,,,,,,,,,,,,,,,,,,,,,,,,,,
Fornear,Finnear,finear,fineer,Finiere,Finneer,Forneer,Forner,Fornier,Fournier,Furner,Foreigner,,,,,,,,,,,,,,,,,,,,,,,,,,,,,,,,,,,,,,,,
Forrest,Forest,Foreste,Forist,Forst,,,,,,,,,,,,,,,,,,,,,,,,,,,,,,,,,,,,,,,,,,,,,,,
Forslind,Forsland,Forslaid,,,,,,,,,,,,,,,,,,,,,,,,,,,,,,,,,,,,,,,,,,,,,,,,,
Forster,Foyster,Fuyster,Foster,Fauster,Fawster,Fuster,Feuster,Fewester,Fewster,Fost,Froster,,,,,,,,,,,,,,,,,,,,,,,,,,,,,,,,,,,,,,,,
Forward,Forwod,Forwood,,,,,,,,,,,,,,,,,,,,,,,,,,,,,,,,,,,,,,,,,,,,,,,,,
Fothergill,Fotherkell,,,,,,,,,,,,,,,,,,,,,,,,,,,,,,,,,,,,,,,,,,,,,,,,,,
Fotheringham,Fodringham,,,,,,,,,,,,,,,,,,,,,,,,,,,,,,,,,,,,,,,,,,,,,,,,,,
Fulman,Foulman,Fullman,Faalman,Fehlman,,,,,,,,,,,,,,,,,,,,,,,,,,,,,,,,,,,,,,,,,,,,,,,
Fowbery,Fowbarye,,,,,,,,,,,,,,,,,,,,,,,,,,,,,,,,,,,,,,,,,,,,,,,,,,
Fowke,Fowcke,Foucke,Fouke,Fooke,Fulke,Fauke,,,,,,,,,,,,,,,,,,,,,,,,,,,,,,,,,,,,,,,,,,,,,
Fowler,Fawler,Fewler,Fouler,Fuller,Fuler,Feller,,,,,,,,,,,,,,,,,,,,,,,,,,,,,,,,,,,,,,,,,,,,,
Fox,Foxe,foukes,faux,Feix,Foax,Fooks,Fawkes,Vaux,Valks,Falks,faux,foulkes,Vackes,Vaulks,Vaks,Valkes,Vaurks,Vokes,Vaxe,Vaus,,,,,,,,,,,,,,,,,,,,,,,,,,,,,,,
foxall,Foxhall,,,,,,,,,,,,,,,,,,,,,,,,,,,,,,,,,,,,,,,,,,,,,,,,,,
Foxcroft,Fauxcrofte,,,,,,,,,,,,,,,,,,,,,,,,,,,,,,,,,,,,,,,,,,,,,,,,,,
Foxlen,Foxlin,,,,,,,,,,,,,,,,,,,,,,,,,,,,,,,,,,,,,,,,,,,,,,,,,,
Foxley,Foxly,,,,,,,,,,,,,,,,,,,,,,,,,,,,,,,,,,,,,,,,,,,,,,,,,,
Foxon,Foxen,,,,,,,,,,,,,,,,,,,,,,,,,,,,,,,,,,,,,,,,,,,,,,,,,,
Foxton,Foxston,,,,,,,,,,,,,,,,,,,,,,,,,,,,,,,,,,,,,,,,,,,,,,,,,,
foy,fay,fey,fee,phee,,,,,,,,,,,,,,,,,,,,,,,,,,,,,,,,,,,,,,,,,,,,,,,
fracknell,fraknell,frecknall,,,,,,,,,,,,,,,,,,,,,,,,,,,,,,,,,,,,,,,,,,,,,,,,,
Frame,Framer,Fram,,,,,,,,,,,,,,,,,,,,,,,,,,,,,,,,,,,,,,,,,,,,,,,,,
France,Franche,,,,,,,,,,,,,,,,,,,,,,,,,,,,,,,,,,,,,,,,,,,,,,,,,,
Francis,Franciss,Ffrancis,Frances,Francies,Franks,,,,,,,,,,,,,,,,,,,,,,,,,,,,,,,,,,,,,,,,,,,,,,
Franel,frinel,,,,,,,,,,,,,,,,,,,,,,,,,,,,,,,,,,,,,,,,,,,,,,,,,,
Franke,frank,Franck,Franch,Franks,,,,,,,,,,,,,,,,,,,,,,,,,,,,,,,,,,,,,,,,,,,,,,,
Franklin,Francklin,Francklaine,Francklayne,Francklyne,Franklaine,Franklayne,Frankland,Franckland,Franckeland,Frankling,Franklands,Franklan,Frankeland,,,,,,,,,,,,,,,,,,,,,,,,,,,,,,,,,,,,,,
Frear,Freare,Frier,Friers,Fryer,Freers,Frere,,,,,,,,,,,,,,,,,,,,,,,,,,,,,,,,,,,,,,,,,,,,,
freemantel,fromanteel,,,,,,,,,,,,,,,,,,,,,,,,,,,,,,,,,,,,,,,,,,,,,,,,,,
French,Frenche,Frenshe,Franch,Franche,Frensh,Franch,,,,,,,,,,,,,,,,,,,,,,,,,,,,,,,,,,,,,,,,,,,,,
Frenchman,Francheman,,,,,,,,,,,,,,,,,,,,,,,,,,,,,,,,,,,,,,,,,,,,,,,,,,
Frevell,Fravell,Frivell,Frefell,Frevile,,,,,,,,,,,,,,,,,,,,,,,,,,,,,,,,,,,,,,,,,,,,,,,
Friend,Friende,Freand,Freande,Frend,Frende,Freinde,Frind,,,,,,,,,,,,,,,,,,,,,,,,,,,,,,,,,,,,,,,,,,,,
Frisell,Fresell,Fresill,Fressall,Fressell,Fressill,Freisell,Fresall,Frishell,Frissell,Frizzell,Frysel,Frysell,Frasell,Freezell,Freisell,Freishell,Frizell,Fresel,Freysell,Frezel,Frezell,Frezll,Frisell,Frisle,Frissel,Frissle,Frizal,Frizel,Frizill,Frizle,Frizoll,Frizzel,Frizzell,Frizzle,Frysill,Fryssell,Fryzell,,,,,,,,,,,,,,
Frost,Froste,Forst,Froest,Froster,Frosts,,,,,,,,,,,,,,,,,,,,,,,,,,,,,,,,,,,,,,,,,,,,,,
Frostick,Forstick,Fosdick,Frosdick,Fosdyke,Frostwick,,,,,,,,,,,,,,,,,,,,,,,,,,,,,,,,,,,,,,,,,,,,,,
Fullerton,Fullarton,Fowlerton,,,,,,,,,,,,,,,,,,,,,,,,,,,,,,,,,,,,,,,,,,,,,,,,,
Fulthrop,Fulthrope,Fulthropp,Fulthroppe,Fullthropp,Fulthorppe,Fultrope,Folthrope,Foltrop,Foulethropp,Foulthorpp,Foulthrop,Foulthropp,Fowthrop,Fowthrope,fowtropp,fowtrop,foutrup,foretrop,futrip,phuprate,fulthorp,,,,,,,,,,,,,,,,,,,,,,,,,,,,,,
Furnefur,Furnifur,,,,,,,,,,,,,,,,,,,,,,,,,,,,,,,,,,,,,,,,,,,,,,,,,,
Furnell,farnell,Furnall,,,,,,,,,,,,,,,,,,,,,,,,,,,,,,,,,,,,,,,,,,,,,,,,,
Furness,Fernisye,furnace,Farnise,Fornice,Furnance,Furnas,Furnass,furnes,furnasse,furnase,furnas,furnis,farness,Farnise,ferness,firnis,Fourness,furnass,Furneis,Furneiss,Furnese,Furnez,Furnice,Furnies,Furniss,Furnues,Furneaux,,,,,,,,,,,,,,,,,,,,,,,,
Furneval,Farnavall,Furnavell,Furnebal,Furnevale,Furnevel,Furnevell,Furnevil,Furnival,Furnivel,Furnivell,,,,,,,,,,,,,,,,,,,,,,,,,,,,,,,,,,,,,,,,,
Furnish,fernish,,,,,,,,,,,,,,,,,,,,,,,,,,,,,,,,,,,,,,,,,,,,,,,,,,
Furniston,Forniston,,,,,,,,,,,,,,,,,,,,,,,,,,,,,,,,,,,,,,,,,,,,,,,,,,
Fussell,Fusill,,,,,,,,,,,,,,,,,,,,,,,,,,,,,,,,,,,,,,,,,,,,,,,,,,
Fyfe,Fyff,Fyffe,Fyeff,Fiphe,,,,,,,,,,,,,,,,,,,,,,,,,,,,,,,,,,,,,,,,,,,,,,,
